Order_ID,Order_Date,Customer,Country,Product,Category,Quantity,Unit_Price,Sales
ORD-0001,2025-05-06,BrightStar Ltd,Germany,Wireless Mouse,Electronics,1,26.21,26.21
ORD-0002,2025-01-17,Acme Corp,Hungary,Wireless Mouse,Electronics,2,25.45,50.9
ORD-0003,2025-01-14,NextGen Ltd,Germany,Monitor,Electronics,4,220.24,880.96
ORD-0004,2025-10-29,GreenField Co,Hungary,Printer,Office Supplies,7,151.05,1057.35
ORD-0005,2025-03-21,BrightStar Ltd,Ireland,Keyboard,Electronics,7,43.56,304.92
ORD-0006,2025-07-03,Digital Works,Ireland,Wireless Mouse,Electronics,2,24.4,48.8
ORD-0007,2025-08-24,NextGen Ltd,Hungary,Desk Lamp,Office Supplies,5,37.15,185.75
ORD-0008,2025-11-18,Urban Systems,Ireland,Desk,Furniture,2,252.6,505.2
ORD-0009,2025-01-24,Alpha Group,Germany,Desk Lamp,Office Supplies,4,36.43,145.72
ORD-0010,2025-02-21,BlueWave,Ireland,Headphones,Electronics,2,85.69,171.38
ORD-0011,2025-07-01,BrightStar Ltd,Austria,Notebook,Office Supplies,6,7.46,44.76
ORD-0012,2025-03-29,NextGen Ltd,Austria,Headphones,Electronics,2,81.75,163.5
ORD-0013,2025-05-19,Core Solutions,Austria,Monitor,Electronics,3,218.34,655.02
ORD-0014,2025-01-29,BrightStar Ltd,Hungary,Printer,Office Supplies,4,165.91,663.64
ORD-0015,2025-04-19,Core Solutions,Belgium,Office Chair,Furniture,7,171.64,1201.48
ORD-0016,2025-07-22,Core Solutions,Austria,Office Chair,Furniture,4,185.6,742.4
ORD-0017,2025-05-07,Vertex Inc,Belgium,Notebook,Office Supplies,3,7.62,22.86
ORD-0018,2025-08-08,Core Solutions,Belgium,Printer,Office Supplies,5,167.9,839.5
ORD-0019,2025-03-12,NextGen Ltd,Netherlands,Desk,Furniture,6,235.97,1415.82
ORD-0020,2025-03-20,Alpha Group,Germany,Wireless Mouse,Electronics,1,26.81,26.81
ORD-0021,2025-11-02,Prime Services,Belgium,Desk,Furniture,2,244.24,488.48
ORD-0022,2025-02-28,Alpha Group,Belgium,Headphones,Electronics,1,82.88,82.88
ORD-0023,2025-08-11,Nova Solutions,Netherlands,Headphones,Electronics,6,73.78,442.68
ORD-0024,2025-04-02,NextGen Ltd,Hungary,Laptop,Electronics,5,930.22,4651.1
ORD-0025,2025-03-24,NextGen Ltd,Belgium,Headphones,Electronics,4,74.45,297.8
ORD-0026,2025-02-27,Core Solutions,Ireland,Laptop,Electronics,6,848.06,5088.36
ORD-0027,2025-10-18,GlobalTech,Hungary,Headphones,Electronics,4,72.93,291.72
ORD-0028,2025-09-30,Summit Co,Germany,Notebook,Office Supplies,2,8.76,17.52
ORD-0029,2025-03-26,GreenField Co,Belgium,Keyboard,Electronics,8,49.02,392.16
ORD-0030,2025-10-04,Summit Co,Austria,Desk Lamp,Office Supplies,7,38.25,267.75
ORD-0031,2025-12-10,Alpha Group,Ireland,Monitor,Electronics,5,215.56,1077.8
ORD-0032,2025-04-26,GlobalTech,Ireland,Notebook,Office Supplies,8,7.39,59.12
ORD-0033,2025-01-04,GlobalTech,Austria,Laptop,Electronics,4,865.03,3460.12
ORD-0034,2025-01-17,Digital Works,Ireland,Laptop,Electronics,4,776.46,3105.84
ORD-0035,2025-09-06,BrightStar Ltd,Belgium,Wireless Mouse,Electronics,4,23.89,95.56
ORD-0036,2025-08-31,Summit Co,Netherlands,Keyboard,Electronics,8,42.69,341.52
ORD-0037,2025-08-09,TechWorld,Netherlands,Monitor,Electronics,2,202.26,404.52
ORD-0038,2025-01-28,Alpha Group,Austria,Desk,Furniture,8,268.19,2145.52
ORD-0039,2025-06-23,Summit Co,Hungary,Wireless Mouse,Electronics,1,24.51,24.51
ORD-0040,2025-08-18,Nova Solutions,Netherlands,Monitor,Electronics,4,206.37,825.48
ORD-0041,2025-02-08,Prime Services,Belgium,Keyboard,Electronics,5,44.66,223.3
ORD-0042,2025-10-04,Digital Works,Hungary,Wireless Mouse,Electronics,1,25.76,25.76
ORD-0043,2025-09-06,Prime Services,Germany,Wireless Mouse,Electronics,4,23.33,93.32
ORD-0044,2025-01-02,BlueWave,Ireland,Desk,Furniture,1,233.23,233.23
ORD-0045,2025-10-12,Alpha Group,Austria,Notebook,Office Supplies,5,7.88,39.4
ORD-0046,2025-04-22,Acme Corp,Belgium,Notebook,Office Supplies,3,7.5,22.5
ORD-0047,2025-01-30,Acme Corp,Belgium,Printer,Office Supplies,1,167.94,167.94
ORD-0048,2025-09-18,GlobalTech,Germany,Notebook,Office Supplies,3,7.29,21.87
ORD-0049,2025-05-01,BlueWave,Hungary,Wireless Mouse,Electronics,2,25.88,51.76
ORD-0050,2025-01-21,Urban Systems,Hungary,Desk Lamp,Office Supplies,4,35.55,142.2
ORD-0051,2025-04-15,Alpha Group,Austria,Desk,Furniture,6,271.74,1630.44
ORD-0052,2025-03-09,Alpha Group,Austria,Office Chair,Furniture,4,171.56,686.24
ORD-0053,2025-02-07,Acme Corp,Netherlands,Headphones,Electronics,8,77.06,616.48
ORD-0054,2025-04-20,NextGen Ltd,Ireland,Desk Lamp,Office Supplies,2,32.01,64.02
ORD-0055,2025-05-06,TechWorld,Ireland,Keyboard,Electronics,6,48.43,290.58
ORD-0056,2025-12-27,GreenField Co,Belgium,Keyboard,Electronics,8,48.0,384.0
ORD-0057,2025-10-11,GreenField Co,Austria,Printer,Office Supplies,1,165.37,165.37
ORD-0058,2025-02-24,Vertex Inc,Belgium,Wireless Mouse,Electronics,3,23.82,71.46
ORD-0059,2025-04-18,Vertex Inc,Ireland,Keyboard,Electronics,5,43.04,215.2
ORD-0060,2025-05-09,Core Solutions,Hungary,Monitor,Electronics,5,220.24,1101.2
ORD-0061,2025-01-23,Acme Corp,Ireland,Wireless Mouse,Electronics,7,26.65,186.55
ORD-0062,2025-08-15,NextGen Ltd,Austria,Keyboard,Electronics,5,41.95,209.75
ORD-0063,2025-12-20,Core Solutions,Germany,Desk,Furniture,1,230.59,230.59
ORD-0064,2025-10-26,NextGen Ltd,Germany,Printer,Office Supplies,1,170.71,170.71
ORD-0065,2025-07-06,Core Solutions,Hungary,Desk,Furniture,3,227.09,681.27
ORD-0066,2025-12-08,GlobalTech,Ireland,Office Chair,Furniture,4,186.55,746.2
ORD-0067,2025-03-21,Core Solutions,Germany,Printer,Office Supplies,7,175.16,1226.12
ORD-0068,2025-01-13,Nova Solutions,Austria,Keyboard,Electronics,3,48.43,145.29
ORD-0069,2025-05-08,GreenField Co,Germany,Office Chair,Furniture,7,190.88,1336.16
ORD-0070,2025-08-29,BrightStar Ltd,Germany,Wireless Mouse,Electronics,7,26.86,188.02
ORD-0071,2025-04-27,BrightStar Ltd,Hungary,Notebook,Office Supplies,6,7.69,46.14
ORD-0072,2025-02-05,Summit Co,Ireland,Monitor,Electronics,7,212.44,1487.08
ORD-0073,2025-10-02,TechWorld,Hungary,Office Chair,Furniture,7,186.46,1305.22
ORD-0074,2025-05-16,Acme Corp,Hungary,Wireless Mouse,Electronics,5,23.39,116.95
ORD-0075,2025-06-10,BlueWave,Belgium,Desk Lamp,Office Supplies,7,33.92,237.44
ORD-0076,2025-10-23,BrightStar Ltd,Ireland,Printer,Office Supplies,2,156.33,312.66
ORD-0077,2025-10-03,Alpha Group,Austria,Laptop,Electronics,7,765.29,5357.03
ORD-0078,2025-12-07,Core Solutions,Ireland,Monitor,Electronics,6,216.98,1301.88
ORD-0079,2025-03-05,Vertex Inc,Ireland,Desk Lamp,Office Supplies,6,36.14,216.84
ORD-0080,2025-06-17,BlueWave,Austria,Printer,Office Supplies,5,165.34,826.7
ORD-0081,2025-12-07,BlueWave,Austria,Headphones,Electronics,3,75.07,225.21
ORD-0082,2025-01-01,GreenField Co,Ireland,Keyboard,Electronics,5,44.15,220.75
ORD-0083,2025-11-07,Alpha Group,Ireland,Monitor,Electronics,7,232.57,1627.99
ORD-0084,2025-04-20,NextGen Ltd,Netherlands,Notebook,Office Supplies,8,7.91,63.28
ORD-0085,2025-12-06,Alpha Group,Belgium,Keyboard,Electronics,2,43.05,86.1
ORD-0086,2025-05-01,Alpha Group,Ireland,Office Chair,Furniture,2,191.46,382.92
ORD-0087,2025-01-24,BrightStar Ltd,Netherlands,Monitor,Electronics,4,204.48,817.92
ORD-0088,2025-11-19,Urban Systems,Germany,Desk Lamp,Office Supplies,2,34.69,69.38
ORD-0089,2025-03-17,Alpha Group,Austria,Desk,Furniture,8,244.98,1959.84
ORD-0090,2025-04-23,Nova Solutions,Austria,Laptop,Electronics,2,897.33,1794.66
ORD-0091,2025-05-08,Core Solutions,Hungary,Printer,Office Supplies,8,145.61,1164.88
ORD-0092,2025-12-08,NextGen Ltd,Belgium,Notebook,Office Supplies,3,8.48,25.44
ORD-0093,2025-08-15,Urban Systems,Austria,Desk Lamp,Office Supplies,6,38.15,228.9
ORD-0094,2025-10-08,Prime Services,Germany,Printer,Office Supplies,7,170.58,1194.06
ORD-0095,2025-05-07,Digital Works,Austria,Notebook,Office Supplies,8,7.61,60.88
ORD-0096,2025-05-21,Prime Services,Hungary,Headphones,Electronics,8,82.03,656.24
ORD-0097,2025-06-13,Core Solutions,Belgium,Headphones,Electronics,4,76.35,305.4
ORD-0098,2025-07-16,Vertex Inc,Germany,Wireless Mouse,Electronics,3,23.25,69.75
ORD-0099,2025-06-19,NextGen Ltd,Netherlands,Monitor,Electronics,2,216.25,432.5
ORD-0100,2025-08-04,BlueWave,Belgium,Desk,Furniture,1,235.34,235.34
ORD-0101,2025-06-30,GreenField Co,Netherlands,Laptop,Electronics,7,846.09,5922.63
ORD-0102,2025-05-20,BlueWave,Netherlands,Desk,Furniture,4,249.41,997.64
ORD-0103,2025-12-14,Summit Co,Netherlands,Laptop,Electronics,7,822.14,5754.98
ORD-0104,2025-11-15,NextGen Ltd,Hungary,Keyboard,Electronics,8,48.78,390.24
ORD-0105,2025-08-08,Nova Solutions,Netherlands,Desk,Furniture,1,229.2,229.2
ORD-0106,2025-06-17,BrightStar Ltd,Netherlands,Keyboard,Electronics,1,42.84,42.84
ORD-0107,2025-07-14,GreenField Co,Netherlands,Office Chair,Furniture,6,189.4,1136.4
ORD-0108,2025-10-04,Acme Corp,Ireland,Headphones,Electronics,2,79.52,159.04
ORD-0109,2025-11-30,Acme Corp,Hungary,Monitor,Electronics,2,232.37,464.74
ORD-0110,2025-11-15,Nova Solutions,Germany,Monitor,Electronics,4,234.93,939.72
ORD-0111,2025-10-16,BrightStar Ltd,Netherlands,Keyboard,Electronics,8,46.53,372.24
ORD-0112,2025-11-07,Vertex Inc,Austria,Headphones,Electronics,6,74.68,448.08
ORD-0113,2025-02-25,Urban Systems,Hungary,Wireless Mouse,Electronics,3,27.32,81.96
ORD-0114,2025-04-12,GlobalTech,Belgium,Headphones,Electronics,7,78.35,548.45
ORD-0115,2025-06-04,Digital Works,Austria,Monitor,Electronics,2,228.68,457.36
ORD-0116,2025-10-17,Summit Co,Hungary,Desk Lamp,Office Supplies,2,37.07,74.14
ORD-0117,2025-02-05,NextGen Ltd,Austria,Office Chair,Furniture,7,185.81,1300.67
ORD-0118,2025-09-08,GlobalTech,Netherlands,Office Chair,Furniture,1,192.58,192.58
ORD-0119,2025-08-11,Nova Solutions,Austria,Office Chair,Furniture,8,187.46,1499.68
ORD-0120,2025-10-03,Summit Co,Netherlands,Printer,Office Supplies,5,163.71,818.55
ORD-0121,2025-10-31,GreenField Co,Ireland,Notebook,Office Supplies,7,8.52,59.64
ORD-0122,2025-08-19,BrightStar Ltd,Netherlands,Monitor,Electronics,2,210.27,420.54
ORD-0123,2025-09-11,Digital Works,Ireland,Desk Lamp,Office Supplies,7,33.85,236.95
ORD-0124,2025-05-13,TechWorld,Ireland,Keyboard,Electronics,8,42.41,339.28
ORD-0125,2025-09-22,BrightStar Ltd,Hungary,Desk Lamp,Office Supplies,5,35.39,176.95
ORD-0126,2025-05-04,Vertex Inc,Netherlands,Monitor,Electronics,7,219.5,1536.5
ORD-0127,2025-02-17,GreenField Co,Germany,Notebook,Office Supplies,8,8.47,67.76
ORD-0128,2025-10-25,TechWorld,Netherlands,Desk,Furniture,4,240.31,961.24
ORD-0129,2025-10-09,TechWorld,Ireland,Printer,Office Supplies,6,157.62,945.72
ORD-0130,2025-04-29,GlobalTech,Austria,Notebook,Office Supplies,5,7.69,38.45
ORD-0131,2025-10-02,Summit Co,Austria,Monitor,Electronics,6,203.26,1219.56
ORD-0132,2025-09-05,GreenField Co,Austria,Keyboard,Electronics,4,42.45,169.8
ORD-0133,2025-04-10,GreenField Co,Germany,Desk Lamp,Office Supplies,5,38.36,191.8
ORD-0134,2025-12-29,NextGen Ltd,Germany,Office Chair,Furniture,3,172.88,518.64
ORD-0135,2025-10-11,GreenField Co,Austria,Headphones,Electronics,1,87.59,87.59
ORD-0136,2025-01-07,Urban Systems,Ireland,Keyboard,Electronics,8,41.42,331.36
ORD-0137,2025-04-05,Acme Corp,Ireland,Notebook,Office Supplies,8,7.9,63.2
ORD-0138,2025-07-25,Prime Services,Hungary,Notebook,Office Supplies,2,8.52,17.04
ORD-0139,2025-10-16,GreenField Co,Hungary,Desk Lamp,Office Supplies,1,32.56,32.56
ORD-0140,2025-08-02,Urban Systems,Belgium,Monitor,Electronics,2,222.56,445.12
ORD-0141,2025-07-14,Prime Services,Netherlands,Desk Lamp,Office Supplies,4,36.93,147.72
ORD-0142,2025-11-14,Acme Corp,Belgium,Headphones,Electronics,7,76.89,538.23
ORD-0143,2025-05-16,Alpha Group,Hungary,Wireless Mouse,Electronics,4,25.63,102.52
ORD-0144,2025-02-08,Nova Solutions,Hungary,Keyboard,Electronics,4,42.06,168.24
ORD-0145,2025-08-29,GreenField Co,Hungary,Desk,Furniture,8,259.47,2075.76
ORD-0146,2025-12-26,Digital Works,Netherlands,Monitor,Electronics,5,229.11,1145.55
ORD-0147,2025-11-17,Urban Systems,Austria,Wireless Mouse,Electronics,4,27.12,108.48
ORD-0148,2025-04-26,Alpha Group,Germany,Monitor,Electronics,7,203.05,1421.35
ORD-0149,2025-03-26,Summit Co,Ireland,Headphones,Electronics,3,73.14,219.42
ORD-0150,2025-08-28,Vertex Inc,Ireland,Desk Lamp,Office Supplies,5,34.57,172.85
ORD-0151,2025-09-10,Prime Services,Hungary,Desk,Furniture,5,250.02,1250.1
ORD-0152,2025-06-15,Urban Systems,Ireland,Desk Lamp,Office Supplies,1,37.73,37.73
ORD-0153,2025-12-12,Digital Works,Belgium,Laptop,Electronics,2,803.92,1607.84
ORD-0154,2025-12-11,Digital Works,Ireland,Desk Lamp,Office Supplies,1,38.5,38.5
ORD-0155,2025-03-31,Prime Services,Belgium,Desk Lamp,Office Supplies,1,36.84,36.84
ORD-0156,2025-10-27,BlueWave,Austria,Notebook,Office Supplies,5,7.49,37.45
ORD-0157,2025-07-29,TechWorld,Ireland,Notebook,Office Supplies,2,7.95,15.9
ORD-0158,2025-12-22,Prime Services,Ireland,Wireless Mouse,Electronics,3,24.15,72.45
ORD-0159,2025-06-11,GreenField Co,Ireland,Desk,Furniture,1,247.74,247.74
ORD-0160,2025-01-01,Alpha Group,Belgium,Wireless Mouse,Electronics,7,26.82,187.74
ORD-0161,2025-09-23,TechWorld,Belgium,Notebook,Office Supplies,7,7.29,51.03
ORD-0162,2025-04-15,GreenField Co,Belgium,Notebook,Office Supplies,8,8.42,67.36
ORD-0163,2025-12-24,Prime Services,Hungary,Keyboard,Electronics,5,44.44,222.2
ORD-0164,2025-06-09,NextGen Ltd,Hungary,Laptop,Electronics,4,885.66,3542.64
ORD-0165,2025-02-28,Prime Services,Hungary,Printer,Office Supplies,7,146.98,1028.86
ORD-0166,2025-05-30,NextGen Ltd,Austria,Keyboard,Electronics,8,48.89,391.12
ORD-0167,2025-08-30,BrightStar Ltd,Netherlands,Headphones,Electronics,7,85.36,597.52
ORD-0168,2025-11-03,NextGen Ltd,Austria,Printer,Office Supplies,3,156.27,468.81
ORD-0169,2025-08-01,TechWorld,Belgium,Keyboard,Electronics,2,42.99,85.98
ORD-0170,2025-06-02,Digital Works,Belgium,Headphones,Electronics,1,76.53,76.53
ORD-0171,2025-08-17,NextGen Ltd,Netherlands,Desk Lamp,Office Supplies,8,37.56,300.48
ORD-0172,2025-10-06,BlueWave,Netherlands,Office Chair,Furniture,6,181.87,1091.22
ORD-0173,2025-05-03,Urban Systems,Netherlands,Office Chair,Furniture,4,197.31,789.24
ORD-0174,2025-08-31,Vertex Inc,Netherlands,Monitor,Electronics,7,199.92,1399.44
ORD-0175,2025-01-19,Nova Solutions,Belgium,Desk,Furniture,3,249.77,749.31
ORD-0176,2025-08-14,GlobalTech,Belgium,Desk Lamp,Office Supplies,6,37.59,225.54
ORD-0177,2025-07-29,Digital Works,Austria,Notebook,Office Supplies,1,8.36,8.36
ORD-0178,2025-05-16,TechWorld,Belgium,Keyboard,Electronics,2,44.73,89.46
ORD-0179,2025-12-12,Digital Works,Belgium,Desk,Furniture,2,267.59,535.18
ORD-0180,2025-09-07,Digital Works,Belgium,Desk,Furniture,6,256.34,1538.04
ORD-0181,2025-12-17,Core Solutions,Ireland,Laptop,Electronics,2,804.91,1609.82
ORD-0182,2025-02-20,Summit Co,Austria,Monitor,Electronics,2,217.09,434.18
ORD-0183,2025-06-03,Core Solutions,Hungary,Wireless Mouse,Electronics,8,23.33,186.64
ORD-0184,2025-05-31,TechWorld,Ireland,Laptop,Electronics,6,900.34,5402.04
ORD-0185,2025-07-30,Urban Systems,Austria,Desk,Furniture,3,237.21,711.63
ORD-0186,2025-11-09,Digital Works,Netherlands,Keyboard,Electronics,3,42.08,126.24
ORD-0187,2025-10-26,Nova Solutions,Germany,Desk Lamp,Office Supplies,4,34.98,139.92
ORD-0188,2025-12-08,Acme Corp,Netherlands,Notebook,Office Supplies,5,7.94,39.7
ORD-0189,2025-06-26,Urban Systems,Ireland,Headphones,Electronics,3,73.18,219.54
ORD-0190,2025-06-04,BrightStar Ltd,Netherlands,Desk,Furniture,5,247.84,1239.2
ORD-0191,2025-10-20,TechWorld,Belgium,Notebook,Office Supplies,2,7.58,15.16
ORD-0192,2025-12-04,BlueWave,Ireland,Headphones,Electronics,5,72.35,361.75
ORD-0193,2025-09-12,Digital Works,Ireland,Laptop,Electronics,1,919.8,919.8
ORD-0194,2025-04-08,Urban Systems,Ireland,Monitor,Electronics,6,207.64,1245.84
ORD-0195,2025-11-27,Acme Corp,Ireland,Keyboard,Electronics,2,48.63,97.26
ORD-0196,2025-03-09,GlobalTech,Ireland,Notebook,Office Supplies,1,8.13,8.13
ORD-0197,2025-03-09,Summit Co,Belgium,Office Chair,Furniture,7,168.32,1178.24
ORD-0198,2025-05-12,Core Solutions,Netherlands,Office Chair,Furniture,5,191.9,959.5
ORD-0199,2025-08-28,GlobalTech,Germany,Headphones,Electronics,6,84.87,509.22
ORD-0200,2025-10-13,TechWorld,Hungary,Monitor,Electronics,7,240.56,1683.92
ORD-0201,2025-03-05,Prime Services,Ireland,Desk,Furniture,1,238.22,238.22
ORD-0202,2025-07-10,GlobalTech,Austria,Headphones,Electronics,7,85.16,596.12
ORD-0203,2025-10-15,TechWorld,Belgium,Monitor,Electronics,8,199.1,1592.8
ORD-0204,2025-08-26,Core Solutions,Austria,Monitor,Electronics,2,225.96,451.92
ORD-0205,2025-01-24,Acme Corp,Ireland,Headphones,Electronics,7,73.87,517.09
ORD-0206,2025-10-03,Nova Solutions,Netherlands,Notebook,Office Supplies,2,7.36,14.72
ORD-0207,2025-12-23,NextGen Ltd,Netherlands,Notebook,Office Supplies,6,8.27,49.62
ORD-0208,2025-12-02,GlobalTech,Netherlands,Desk Lamp,Office Supplies,3,37.7,113.1
ORD-0209,2025-05-24,Acme Corp,Austria,Desk Lamp,Office Supplies,7,38.07,266.49
ORD-0210,2025-05-01,Digital Works,Ireland,Office Chair,Furniture,4,177.96,711.84
ORD-0211,2025-11-27,TechWorld,Hungary,Wireless Mouse,Electronics,6,25.22,151.32
ORD-0212,2025-03-04,Digital Works,Netherlands,Desk,Furniture,5,234.49,1172.45
ORD-0213,2025-11-02,Acme Corp,Hungary,Wireless Mouse,Electronics,4,25.71,102.84
ORD-0214,2025-10-17,BrightStar Ltd,Hungary,Office Chair,Furniture,4,197.6,790.4
ORD-0215,2025-04-30,TechWorld,Germany,Printer,Office Supplies,4,162.76,651.04
ORD-0216,2025-03-16,Nova Solutions,Belgium,Desk Lamp,Office Supplies,1,33.44,33.44
ORD-0217,2025-01-14,Nova Solutions,Hungary,Headphones,Electronics,3,73.76,221.28
ORD-0218,2025-01-09,Nova Solutions,Ireland,Office Chair,Furniture,4,183.2,732.8
ORD-0219,2025-09-27,GlobalTech,Austria,Laptop,Electronics,3,891.09,2673.27
ORD-0220,2025-07-05,NextGen Ltd,Belgium,Wireless Mouse,Electronics,8,24.74,197.92
ORD-0221,2025-11-11,Acme Corp,Austria,Wireless Mouse,Electronics,8,25.02,200.16
ORD-0222,2025-01-16,Acme Corp,Netherlands,Printer,Office Supplies,5,158.66,793.3
ORD-0223,2025-09-09,Vertex Inc,Netherlands,Desk,Furniture,7,259.3,1815.1
ORD-0224,2025-03-17,GlobalTech,Germany,Wireless Mouse,Electronics,2,24.11,48.22
ORD-0225,2025-11-02,NextGen Ltd,Ireland,Headphones,Electronics,6,78.09,468.54
ORD-0226,2025-12-26,GlobalTech,Austria,Notebook,Office Supplies,7,7.36,51.52
ORD-0227,2025-04-27,BlueWave,Ireland,Printer,Office Supplies,4,157.76,631.04
ORD-0228,2025-02-18,TechWorld,Netherlands,Notebook,Office Supplies,7,7.87,55.09
ORD-0229,2025-03-20,Alpha Group,Netherlands,Office Chair,Furniture,5,175.47,877.35
ORD-0230,2025-02-17,BlueWave,Hungary,Wireless Mouse,Electronics,2,26.66,53.32
ORD-0231,2025-10-28,NextGen Ltd,Belgium,Office Chair,Furniture,3,182.03,546.09
ORD-0232,2025-12-07,Summit Co,Netherlands,Office Chair,Furniture,2,176.79,353.58
ORD-0233,2025-06-30,GlobalTech,Belgium,Laptop,Electronics,5,867.07,4335.35
ORD-0234,2025-09-04,BrightStar Ltd,Hungary,Printer,Office Supplies,4,148.95,595.8
ORD-0235,2025-05-23,Urban Systems,Germany,Office Chair,Furniture,6,166.14,996.84
ORD-0236,2025-12-03,Digital Works,Austria,Desk,Furniture,1,255.45,255.45
ORD-0237,2025-12-26,Summit Co,Ireland,Headphones,Electronics,1,74.89,74.89
ORD-0238,2025-03-15,Urban Systems,Austria,Office Chair,Furniture,6,162.22,973.32
ORD-0239,2025-11-21,Acme Corp,Hungary,Desk,Furniture,2,232.09,464.18
ORD-0240,2025-08-21,TechWorld,Germany,Printer,Office Supplies,4,156.04,624.16
ORD-0241,2025-10-18,Urban Systems,Hungary,Office Chair,Furniture,5,187.98,939.9
ORD-0242,2025-11-13,Acme Corp,Austria,Laptop,Electronics,3,791.76,2375.28
ORD-0243,2025-08-06,Prime Services,Belgium,Wireless Mouse,Electronics,5,24.72,123.6
ORD-0244,2025-09-20,GlobalTech,Ireland,Notebook,Office Supplies,7,7.64,53.48
ORD-0245,2025-12-14,Urban Systems,Netherlands,Desk,Furniture,2,239.16,478.32
ORD-0246,2025-07-22,Urban Systems,Hungary,Printer,Office Supplies,5,145.45,727.25
ORD-0247,2025-04-19,Summit Co,Germany,Laptop,Electronics,4,816.24,3264.96
ORD-0248,2025-01-04,Prime Services,Austria,Headphones,Electronics,5,77.25,386.25
ORD-0249,2025-09-30,Vertex Inc,Germany,Desk,Furniture,3,231.46,694.38
ORD-0250,2025-01-22,BlueWave,Hungary,Printer,Office Supplies,6,146.31,877.86
ORD-0251,2025-10-22,BlueWave,Belgium,Notebook,Office Supplies,2,8.58,17.16
ORD-0252,2025-07-27,Acme Corp,Ireland,Desk,Furniture,7,239.48,1676.36
ORD-0253,2025-07-05,GlobalTech,Netherlands,Keyboard,Electronics,8,47.99,383.92
ORD-0254,2025-07-25,NextGen Ltd,Hungary,Wireless Mouse,Electronics,4,24.68,98.72
ORD-0255,2025-04-24,TechWorld,Germany,Desk,Furniture,5,262.29,1311.45
ORD-0256,2025-04-10,Core Solutions,Ireland,Wireless Mouse,Electronics,2,25.15,50.3
ORD-0257,2025-03-16,GreenField Co,Germany,Office Chair,Furniture,3,170.51,511.53
ORD-0258,2025-12-02,GlobalTech,Germany,Keyboard,Electronics,3,47.34,142.02
ORD-0259,2025-10-24,Prime Services,Austria,Notebook,Office Supplies,8,8.41,67.28
ORD-0260,2025-11-18,TechWorld,Germany,Desk Lamp,Office Supplies,6,37.55,225.3
ORD-0261,2025-11-20,GreenField Co,Ireland,Notebook,Office Supplies,2,7.95,15.9
ORD-0262,2025-02-07,GreenField Co,Netherlands,Desk Lamp,Office Supplies,1,33.96,33.96
ORD-0263,2025-05-27,GlobalTech,Austria,Notebook,Office Supplies,1,7.29,7.29
ORD-0264,2025-10-11,Summit Co,Austria,Wireless Mouse,Electronics,7,24.81,173.67
ORD-0265,2025-10-20,Alpha Group,Germany,Laptop,Electronics,8,919.54,7356.32
ORD-0266,2025-02-01,Prime Services,Hungary,Office Chair,Furniture,8,180.05,1440.4
ORD-0267,2025-03-30,Acme Corp,Germany,Office Chair,Furniture,2,180.16,360.32
ORD-0268,2025-11-09,Nova Solutions,Ireland,Notebook,Office Supplies,8,8.04,64.32
ORD-0269,2025-06-23,Alpha Group,Belgium,Office Chair,Furniture,5,175.95,879.75
ORD-0270,2025-02-18,NextGen Ltd,Austria,Laptop,Electronics,6,776.21,4657.26
ORD-0271,2025-12-03,Core Solutions,Belgium,Desk,Furniture,5,237.6,1188.0
ORD-0272,2025-12-06,Nova Solutions,Ireland,Keyboard,Electronics,6,41.23,247.38
ORD-0273,2025-12-29,GlobalTech,Ireland,Headphones,Electronics,7,74.06,518.42
ORD-0274,2025-06-18,Digital Works,Germany,Printer,Office Supplies,7,164.59,1152.13
ORD-0275,2025-08-05,NextGen Ltd,Ireland,Printer,Office Supplies,2,164.67,329.34
ORD-0276,2025-04-20,TechWorld,Netherlands,Laptop,Electronics,6,817.51,4905.06
ORD-0277,2025-03-21,GlobalTech,Ireland,Monitor,Electronics,4,242.0,968.0
ORD-0278,2025-11-13,Nova Solutions,Belgium,Wireless Mouse,Electronics,1,25.81,25.81
ORD-0279,2025-12-21,Summit Co,Belgium,Desk,Furniture,3,233.11,699.33
ORD-0280,2025-07-06,Alpha Group,Austria,Keyboard,Electronics,8,40.89,327.12
ORD-0281,2025-08-18,BrightStar Ltd,Belgium,Monitor,Electronics,8,224.87,1798.96
ORD-0282,2025-08-29,Core Solutions,Germany,Monitor,Electronics,5,240.49,1202.45
ORD-0283,2025-05-25,Summit Co,Netherlands,Office Chair,Furniture,8,178.62,1428.96
ORD-0284,2025-04-13,Summit Co,Belgium,Printer,Office Supplies,7,174.92,1224.44
ORD-0285,2025-09-04,Digital Works,Ireland,Keyboard,Electronics,5,40.97,204.85
ORD-0286,2025-09-22,Digital Works,Hungary,Printer,Office Supplies,2,166.76,333.52
ORD-0287,2025-05-20,Prime Services,Belgium,Headphones,Electronics,2,84.21,168.42
ORD-0288,2025-04-24,Digital Works,Netherlands,Keyboard,Electronics,7,41.33,289.31
ORD-0289,2025-07-22,NextGen Ltd,Ireland,Office Chair,Furniture,1,176.94,176.94
ORD-0290,2025-07-11,BrightStar Ltd,Hungary,Monitor,Electronics,7,241.76,1692.32
ORD-0291,2025-11-29,TechWorld,Germany,Office Chair,Furniture,2,192.21,384.42
ORD-0292,2025-08-30,Vertex Inc,Germany,Keyboard,Electronics,1,43.08,43.08
ORD-0293,2025-02-10,Acme Corp,Ireland,Notebook,Office Supplies,8,8.18,65.44
ORD-0294,2025-11-08,NextGen Ltd,Netherlands,Monitor,Electronics,3,222.15,666.45
ORD-0295,2025-03-04,Acme Corp,Germany,Wireless Mouse,Electronics,5,23.69,118.45
ORD-0296,2025-09-13,Urban Systems,Belgium,Desk,Furniture,8,228.14,1825.12
ORD-0297,2025-05-30,BlueWave,Hungary,Laptop,Electronics,4,887.15,3548.6
ORD-0298,2025-08-02,Nova Solutions,Austria,Desk Lamp,Office Supplies,6,33.18,199.08
ORD-0299,2025-09-27,NextGen Ltd,Belgium,Wireless Mouse,Electronics,6,22.84,137.04
ORD-0300,2025-08-29,Acme Corp,Austria,Printer,Office Supplies,1,156.49,156.49
ORD-0301,2025-01-09,TechWorld,Hungary,Desk,Furniture,6,237.68,1426.08
ORD-0302,2025-11-18,GlobalTech,Belgium,Office Chair,Furniture,4,188.39,753.56
ORD-0303,2025-10-07,TechWorld,Austria,Office Chair,Furniture,3,163.6,490.8
ORD-0304,2025-09-03,Alpha Group,Germany,Keyboard,Electronics,8,49.33,394.64
ORD-0305,2025-08-23,Acme Corp,Ireland,Keyboard,Electronics,2,46.94,93.88
ORD-0306,2025-01-22,TechWorld,Ireland,Monitor,Electronics,1,232.81,232.81
ORD-0307,2025-10-06,Prime Services,Ireland,Printer,Office Supplies,7,175.65,1229.55
ORD-0308,2025-01-25,Digital Works,Austria,Laptop,Electronics,4,813.64,3254.56
ORD-0309,2025-07-08,BlueWave,Netherlands,Office Chair,Furniture,5,166.48,832.4
ORD-0310,2025-04-06,Prime Services,Austria,Notebook,Office Supplies,7,7.74,54.18
ORD-0311,2025-09-23,GreenField Co,Hungary,Notebook,Office Supplies,6,8.68,52.08
ORD-0312,2025-04-03,NextGen Ltd,Ireland,Desk,Furniture,2,246.53,493.06
ORD-0313,2025-12-05,GreenField Co,Ireland,Office Chair,Furniture,2,164.88,329.76
ORD-0314,2025-08-16,TechWorld,Netherlands,Notebook,Office Supplies,7,7.47,52.29
ORD-0315,2025-08-11,GreenField Co,Austria,Laptop,Electronics,6,869.52,5217.12
ORD-0316,2025-07-27,TechWorld,Belgium,Laptop,Electronics,2,879.1,1758.2
ORD-0317,2025-11-08,Alpha Group,Netherlands,Keyboard,Electronics,1,41.79,41.79
ORD-0318,2025-11-27,TechWorld,Ireland,Laptop,Electronics,3,776.43,2329.29
ORD-0319,2025-12-14,Prime Services,Ireland,Desk,Furniture,1,255.25,255.25
ORD-0320,2025-10-21,Nova Solutions,Belgium,Office Chair,Furniture,8,189.47,1515.76
ORD-0321,2025-05-23,BrightStar Ltd,Hungary,Office Chair,Furniture,7,173.32,1213.24
ORD-0322,2025-07-18,Core Solutions,Belgium,Laptop,Electronics,3,849.84,2549.52
ORD-0323,2025-12-27,Prime Services,Germany,Wireless Mouse,Electronics,5,26.37,131.85
ORD-0324,2025-09-09,BrightStar Ltd,Hungary,Desk Lamp,Office Supplies,5,36.36,181.8
ORD-0325,2025-08-16,GlobalTech,Austria,Keyboard,Electronics,2,44.57,89.14
ORD-0326,2025-10-09,NextGen Ltd,Ireland,Office Chair,Furniture,6,187.54,1125.24
ORD-0327,2025-12-25,Alpha Group,Germany,Headphones,Electronics,3,83.39,250.17
ORD-0328,2025-04-13,Summit Co,Germany,Office Chair,Furniture,4,166.37,665.48
ORD-0329,2025-10-11,Urban Systems,Ireland,Monitor,Electronics,8,199.16,1593.28
ORD-0330,2025-02-14,GlobalTech,Ireland,Notebook,Office Supplies,3,8.18,24.54
ORD-0331,2025-07-29,Digital Works,Belgium,Desk,Furniture,8,251.28,2010.24
ORD-0332,2025-11-25,GlobalTech,Netherlands,Wireless Mouse,Electronics,3,27.36,82.08
ORD-0333,2025-10-10,Alpha Group,Belgium,Notebook,Office Supplies,6,7.41,44.46
ORD-0334,2025-01-29,Digital Works,Hungary,Keyboard,Electronics,3,44.39,133.17
ORD-0335,2025-03-24,TechWorld,Austria,Printer,Office Supplies,3,153.73,461.19
ORD-0336,2025-09-23,Core Solutions,Ireland,Monitor,Electronics,6,239.69,1438.14
ORD-0337,2025-10-10,GreenField Co,Germany,Wireless Mouse,Electronics,5,23.48,117.4
ORD-0338,2025-03-28,Urban Systems,Belgium,Headphones,Electronics,2,80.04,160.08
ORD-0339,2025-11-06,TechWorld,Belgium,Keyboard,Electronics,3,46.43,139.29
ORD-0340,2025-11-25,Summit Co,Belgium,Laptop,Electronics,1,778.81,778.81
ORD-0341,2025-08-02,Urban Systems,Austria,Headphones,Electronics,4,84.27,337.08
ORD-0342,2025-10-07,GreenField Co,Austria,Laptop,Electronics,8,916.13,7329.04
ORD-0343,2025-12-17,BlueWave,Ireland,Headphones,Electronics,8,75.92,607.36
ORD-0344,2025-03-22,Prime Services,Netherlands,Notebook,Office Supplies,2,8.3,16.6
ORD-0345,2025-11-07,Nova Solutions,Ireland,Notebook,Office Supplies,8,7.53,60.24
ORD-0346,2025-03-08,Summit Co,Ireland,Office Chair,Furniture,6,197.11,1182.66
ORD-0347,2025-08-27,GlobalTech,Ireland,Printer,Office Supplies,2,154.21,308.42
ORD-0348,2025-01-26,GreenField Co,Netherlands,Notebook,Office Supplies,4,7.43,29.72
ORD-0349,2025-03-23,Digital Works,Ireland,Desk Lamp,Office Supplies,7,33.24,232.68
ORD-0350,2025-03-23,Prime Services,Belgium,Desk Lamp,Office Supplies,6,32.83,196.98
ORD-0351,2025-09-12,Acme Corp,Hungary,Notebook,Office Supplies,8,8.61,68.88
ORD-0352,2025-04-21,Urban Systems,Ireland,Desk,Furniture,8,273.33,2186.64
ORD-0353,2025-11-02,Core Solutions,Austria,Laptop,Electronics,1,812.83,812.83
ORD-0354,2025-02-25,BlueWave,Germany,Notebook,Office Supplies,5,8.06,40.3
ORD-0355,2025-07-07,Acme Corp,Netherlands,Headphones,Electronics,6,84.22,505.32
ORD-0356,2025-05-28,GlobalTech,Netherlands,Laptop,Electronics,4,826.63,3306.52
ORD-0357,2025-05-24,Digital Works,Belgium,Printer,Office Supplies,8,168.46,1347.68
ORD-0358,2025-02-19,BlueWave,Ireland,Desk Lamp,Office Supplies,2,32.4,64.8
ORD-0359,2025-04-12,Urban Systems,Belgium,Office Chair,Furniture,6,189.18,1135.08
ORD-0360,2025-03-12,Vertex Inc,Ireland,Desk,Furniture,1,227.27,227.27
ORD-0361,2025-09-21,Nova Solutions,Ireland,Notebook,Office Supplies,8,7.44,59.52
ORD-0362,2025-11-12,Vertex Inc,Ireland,Desk Lamp,Office Supplies,6,32.64,195.84
ORD-0363,2025-09-18,NextGen Ltd,Netherlands,Desk Lamp,Office Supplies,6,35.05,210.3
ORD-0364,2025-01-09,TechWorld,Ireland,Desk Lamp,Office Supplies,5,34.82,174.1
ORD-0365,2025-12-19,Alpha Group,Hungary,Wireless Mouse,Electronics,7,25.42,177.94
ORD-0366,2025-12-02,Summit Co,Belgium,Desk Lamp,Office Supplies,8,33.36,266.88
ORD-0367,2025-10-26,Prime Services,Germany,Desk Lamp,Office Supplies,4,36.55,146.2
ORD-0368,2025-12-15,BrightStar Ltd,Hungary,Printer,Office Supplies,7,148.73,1041.11
ORD-0369,2025-08-14,TechWorld,Netherlands,Desk Lamp,Office Supplies,2,32.84,65.68
ORD-0370,2025-07-30,NextGen Ltd,Belgium,Keyboard,Electronics,7,46.71,326.97
ORD-0371,2025-09-23,BrightStar Ltd,Belgium,Notebook,Office Supplies,1,8.33,8.33
ORD-0372,2025-06-10,Nova Solutions,Netherlands,Office Chair,Furniture,8,180.92,1447.36
ORD-0373,2025-12-13,Summit Co,Austria,Printer,Office Supplies,6,161.48,968.88
ORD-0374,2025-05-07,GreenField Co,Belgium,Headphones,Electronics,8,75.08,600.64
ORD-0375,2025-06-02,Summit Co,Ireland,Headphones,Electronics,4,87.06,348.24
ORD-0376,2025-06-28,NextGen Ltd,Austria,Monitor,Electronics,8,211.95,1695.6
ORD-0377,2025-12-13,NextGen Ltd,Netherlands,Headphones,Electronics,5,73.95,369.75
ORD-0378,2025-03-16,GreenField Co,Hungary,Desk,Furniture,6,272.73,1636.38
ORD-0379,2025-08-15,Alpha Group,Ireland,Headphones,Electronics,2,77.54,155.08
ORD-0380,2025-10-03,GreenField Co,Belgium,Notebook,Office Supplies,4,7.52,30.08
ORD-0381,2025-10-28,BrightStar Ltd,Germany,Headphones,Electronics,3,73.75,221.25
ORD-0382,2025-01-27,GlobalTech,Netherlands,Laptop,Electronics,4,873.45,3493.8
ORD-0383,2025-03-12,Acme Corp,Belgium,Office Chair,Furniture,8,165.62,1324.96
ORD-0384,2025-09-01,Prime Services,Austria,Keyboard,Electronics,7,46.38,324.66
ORD-0385,2025-11-27,Acme Corp,Hungary,Monitor,Electronics,5,212.13,1060.65
ORD-0386,2025-01-20,Core Solutions,Germany,Desk Lamp,Office Supplies,4,35.25,141.0
ORD-0387,2025-01-19,Digital Works,Netherlands,Desk,Furniture,3,271.7,815.1
ORD-0388,2025-05-29,Core Solutions,Hungary,Notebook,Office Supplies,3,8.7,26.1
ORD-0389,2025-02-24,Core Solutions,Ireland,Laptop,Electronics,5,861.55,4307.75
ORD-0390,2025-10-06,NextGen Ltd,Netherlands,Headphones,Electronics,8,87.83,702.64
ORD-0391,2025-02-27,TechWorld,Germany,Keyboard,Electronics,8,42.96,343.68
ORD-0392,2025-01-08,Vertex Inc,Ireland,Notebook,Office Supplies,5,8.35,41.75
ORD-0393,2025-11-24,Core Solutions,Netherlands,Headphones,Electronics,4,74.81,299.24
ORD-0394,2025-12-09,GlobalTech,Germany,Desk,Furniture,6,229.34,1376.04
ORD-0395,2025-05-08,Acme Corp,Ireland,Keyboard,Electronics,8,43.41,347.28
ORD-0396,2025-05-17,TechWorld,Ireland,Desk,Furniture,4,247.34,989.36
ORD-0397,2025-07-04,Vertex Inc,Germany,Desk Lamp,Office Supplies,1,33.33,33.33
ORD-0398,2025-03-23,BlueWave,Austria,Laptop,Electronics,2,844.12,1688.24
ORD-0399,2025-11-24,Core Solutions,Ireland,Printer,Office Supplies,5,166.09,830.45
ORD-0400,2025-03-10,Prime Services,Germany,Office Chair,Furniture,4,169.89,679.56
ORD-0401,2025-10-09,Core Solutions,Netherlands,Notebook,Office Supplies,6,7.87,47.22
ORD-0402,2025-12-15,Summit Co,Belgium,Printer,Office Supplies,4,168.38,673.52
ORD-0403,2025-07-05,GlobalTech,Belgium,Wireless Mouse,Electronics,8,25.14,201.12
ORD-0404,2025-09-16,BrightStar Ltd,Belgium,Wireless Mouse,Electronics,1,26.64,26.64
ORD-0405,2025-09-24,Prime Services,Hungary,Printer,Office Supplies,3,149.27,447.81
ORD-0406,2025-09-19,Prime Services,Hungary,Monitor,Electronics,8,202.0,1616.0
ORD-0407,2025-08-22,Urban Systems,Hungary,Notebook,Office Supplies,3,8.02,24.06
ORD-0408,2025-06-07,Vertex Inc,Hungary,Printer,Office Supplies,8,165.53,1324.24
ORD-0409,2025-04-22,Urban Systems,Hungary,Desk,Furniture,5,265.82,1329.1
ORD-0410,2025-02-02,NextGen Ltd,Hungary,Laptop,Electronics,7,823.57,5764.99
ORD-0411,2025-07-29,Nova Solutions,Germany,Wireless Mouse,Electronics,8,22.66,181.28
ORD-0412,2025-07-15,Prime Services,Netherlands,Desk,Furniture,6,274.64,1647.84
ORD-0413,2025-12-05,Digital Works,Belgium,Desk,Furniture,2,259.14,518.28
ORD-0414,2025-10-03,BlueWave,Belgium,Keyboard,Electronics,6,41.57,249.42
ORD-0415,2025-01-12,GreenField Co,Netherlands,Keyboard,Electronics,4,48.01,192.04
ORD-0416,2025-04-28,BrightStar Ltd,Netherlands,Printer,Office Supplies,7,161.02,1127.14
ORD-0417,2025-02-27,Acme Corp,Austria,Office Chair,Furniture,3,171.92,515.76
ORD-0418,2025-02-04,GlobalTech,Belgium,Desk,Furniture,1,237.03,237.03
ORD-0419,2025-12-27,Digital Works,Hungary,Laptop,Electronics,8,866.62,6932.96
ORD-0420,2025-04-30,NextGen Ltd,Germany,Monitor,Electronics,1,215.7,215.7
ORD-0421,2025-05-29,BrightStar Ltd,Austria,Laptop,Electronics,3,850.66,2551.98
ORD-0422,2025-12-11,Digital Works,Ireland,Desk Lamp,Office Supplies,6,35.54,213.24
ORD-0423,2025-12-05,NextGen Ltd,Germany,Monitor,Electronics,5,236.56,1182.8
ORD-0424,2025-10-13,Urban Systems,Austria,Desk,Furniture,5,238.76,1193.8
ORD-0425,2025-01-25,TechWorld,Austria,Keyboard,Electronics,7,45.5,318.5
ORD-0426,2025-07-29,Nova Solutions,Ireland,Desk,Furniture,6,259.82,1558.92
ORD-0427,2025-08-31,BrightStar Ltd,Germany,Desk,Furniture,3,262.72,788.16
ORD-0428,2025-01-30,NextGen Ltd,Netherlands,Headphones,Electronics,3,84.89,254.67
ORD-0429,2025-05-11,BrightStar Ltd,Ireland,Desk,Furniture,3,244.42,733.26
ORD-0430,2025-02-17,NextGen Ltd,Austria,Wireless Mouse,Electronics,8,26.74,213.92
ORD-0431,2025-12-11,Urban Systems,Belgium,Monitor,Electronics,1,209.81,209.81
ORD-0432,2025-10-28,Vertex Inc,Austria,Laptop,Electronics,2,796.99,1593.98
ORD-0433,2025-06-20,GreenField Co,Hungary,Printer,Office Supplies,4,159.34,637.36
ORD-0434,2025-03-02,Vertex Inc,Netherlands,Monitor,Electronics,4,240.33,961.32
ORD-0435,2025-05-03,NextGen Ltd,Ireland,Monitor,Electronics,4,215.45,861.8
ORD-0436,2025-11-29,TechWorld,Ireland,Headphones,Electronics,7,79.46,556.22
ORD-0437,2025-09-12,Prime Services,Hungary,Headphones,Electronics,6,80.21,481.26
ORD-0438,2025-07-09,TechWorld,Netherlands,Notebook,Office Supplies,6,8.66,51.96
ORD-0439,2025-01-09,GreenField Co,Belgium,Laptop,Electronics,4,891.01,3564.04
ORD-0440,2025-04-11,TechWorld,Germany,Desk Lamp,Office Supplies,7,33.57,234.99
ORD-0441,2025-12-02,Alpha Group,Ireland,Desk,Furniture,4,249.97,999.88
ORD-0442,2025-11-25,Vertex Inc,Netherlands,Headphones,Electronics,8,87.46,699.68
ORD-0443,2025-06-30,Nova Solutions,Germany,Notebook,Office Supplies,3,8.37,25.11
ORD-0444,2025-10-05,Alpha Group,Hungary,Printer,Office Supplies,8,149.89,1199.12
ORD-0445,2025-02-08,Digital Works,Austria,Printer,Office Supplies,1,170.85,170.85
ORD-0446,2025-11-19,BrightStar Ltd,Hungary,Laptop,Electronics,1,835.11,835.11
ORD-0447,2025-08-22,TechWorld,Hungary,Keyboard,Electronics,1,42.47,42.47
ORD-0448,2025-01-09,Acme Corp,Belgium,Desk Lamp,Office Supplies,8,36.11,288.88
ORD-0449,2025-09-29,Vertex Inc,Ireland,Printer,Office Supplies,7,144.38,1010.66
ORD-0450,2025-12-24,Alpha Group,Netherlands,Printer,Office Supplies,5,144.55,722.75
ORD-0451,2025-09-26,Nova Solutions,Germany,Keyboard,Electronics,2,48.76,97.52
ORD-0452,2025-05-17,Summit Co,Netherlands,Monitor,Electronics,5,233.87,1169.35
ORD-0453,2025-08-24,Urban Systems,Germany,Wireless Mouse,Electronics,6,27.3,163.8
ORD-0454,2025-02-11,Alpha Group,Austria,Monitor,Electronics,5,228.1,1140.5
ORD-0455,2025-07-13,NextGen Ltd,Netherlands,Laptop,Electronics,2,833.9,1667.8
ORD-0456,2025-02-12,Prime Services,Netherlands,Laptop,Electronics,1,884.48,884.48
ORD-0457,2025-01-22,BrightStar Ltd,Germany,Office Chair,Furniture,2,194.21,388.42
ORD-0458,2025-02-08,Alpha Group,Ireland,Desk Lamp,Office Supplies,8,33.4,267.2
ORD-0459,2025-06-11,Acme Corp,Germany,Printer,Office Supplies,1,149.74,149.74
ORD-0460,2025-12-31,Digital Works,Netherlands,Desk Lamp,Office Supplies,3,36.77,110.31
ORD-0461,2025-05-04,Urban Systems,Netherlands,Wireless Mouse,Electronics,5,23.31,116.55
ORD-0462,2025-03-13,Summit Co,Austria,Printer,Office Supplies,6,156.28,937.68
ORD-0463,2025-08-12,BrightStar Ltd,Hungary,Wireless Mouse,Electronics,6,22.77,136.62
ORD-0464,2025-06-17,Acme Corp,Austria,Office Chair,Furniture,7,196.88,1378.16
ORD-0465,2025-07-02,NextGen Ltd,Netherlands,Headphones,Electronics,8,79.85,638.8
ORD-0466,2025-12-05,BlueWave,Hungary,Desk,Furniture,3,258.98,776.94
ORD-0467,2025-02-07,GlobalTech,Ireland,Desk Lamp,Office Supplies,5,37.09,185.45
ORD-0468,2025-11-21,Nova Solutions,Austria,Keyboard,Electronics,7,46.91,328.37
ORD-0469,2025-02-16,Acme Corp,Ireland,Desk,Furniture,6,243.04,1458.24
ORD-0470,2025-02-22,Nova Solutions,Hungary,Notebook,Office Supplies,6,8.42,50.52
ORD-0471,2025-10-12,NextGen Ltd,Netherlands,Keyboard,Electronics,7,44.54,311.78
ORD-0472,2025-10-11,GlobalTech,Belgium,Wireless Mouse,Electronics,1,22.95,22.95
ORD-0473,2025-01-07,GreenField Co,Netherlands,Desk Lamp,Office Supplies,6,37.55,225.3
ORD-0474,2025-10-14,Core Solutions,Germany,Desk,Furniture,2,261.24,522.48
ORD-0475,2025-03-28,Nova Solutions,Ireland,Desk Lamp,Office Supplies,3,36.3,108.9
ORD-0476,2025-02-02,Nova Solutions,Netherlands,Headphones,Electronics,5,79.89,399.45
ORD-0477,2025-02-09,TechWorld,Ireland,Headphones,Electronics,7,76.8,537.6
ORD-0478,2025-04-11,Prime Services,Hungary,Monitor,Electronics,8,224.13,1793.04
ORD-0479,2025-07-22,TechWorld,Belgium,Keyboard,Electronics,5,40.56,202.8
ORD-0480,2025-08-09,Digital Works,Austria,Desk,Furniture,6,247.01,1482.06
ORD-0481,2025-11-05,Vertex Inc,Germany,Desk Lamp,Office Supplies,3,33.6,100.8
ORD-0482,2025-07-23,TechWorld,Ireland,Notebook,Office Supplies,6,7.48,44.88
ORD-0483,2025-05-24,Digital Works,Netherlands,Notebook,Office Supplies,4,7.72,30.88
ORD-0484,2025-04-13,Urban Systems,Belgium,Office Chair,Furniture,2,195.55,391.1
ORD-0485,2025-08-25,Vertex Inc,Germany,Keyboard,Electronics,1,49.08,49.08
ORD-0486,2025-02-05,Digital Works,Netherlands,Notebook,Office Supplies,5,8.53,42.65
ORD-0487,2025-05-04,GreenField Co,Austria,Notebook,Office Supplies,3,8.21,24.63
ORD-0488,2025-02-07,Prime Services,Belgium,Keyboard,Electronics,7,47.6,333.2
ORD-0489,2025-12-21,BlueWave,Belgium,Notebook,Office Supplies,7,8.05,56.35
ORD-0490,2025-10-02,Urban Systems,Austria,Laptop,Electronics,6,884.28,5305.68
ORD-0491,2025-12-03,Alpha Group,Ireland,Wireless Mouse,Electronics,2,26.34,52.68
ORD-0492,2025-11-27,Alpha Group,Austria,Keyboard,Electronics,1,45.57,45.57
ORD-0493,2025-08-09,GlobalTech,Hungary,Desk,Furniture,6,273.29,1639.74
ORD-0494,2025-09-23,NextGen Ltd,Belgium,Wireless Mouse,Electronics,5,23.61,118.05
ORD-0495,2025-07-20,Prime Services,Austria,Desk Lamp,Office Supplies,4,34.62,138.48
ORD-0496,2025-01-13,Prime Services,Hungary,Desk Lamp,Office Supplies,3,33.91,101.73
ORD-0497,2025-02-13,GlobalTech,Austria,Headphones,Electronics,7,86.73,607.11
ORD-0498,2025-08-22,Summit Co,Germany,Keyboard,Electronics,6,43.31,259.86
ORD-0499,2025-02-19,Prime Services,Austria,Printer,Office Supplies,8,155.15,1241.2
ORD-0500,2025-01-23,Summit Co,Austria,Notebook,Office Supplies,6,7.31,43.86
ORD-0501,2025-11-28,GlobalTech,Austria,Wireless Mouse,Electronics,1,26.75,26.75
ORD-0502,2025-10-10,Nova Solutions,Ireland,Keyboard,Electronics,4,45.14,180.56
ORD-0503,2025-04-29,Summit Co,Netherlands,Printer,Office Supplies,7,174.67,1222.69
ORD-0504,2025-08-10,BlueWave,Hungary,Keyboard,Electronics,3,46.26,138.78
ORD-0505,2025-08-08,BlueWave,Hungary,Desk Lamp,Office Supplies,4,34.65,138.6
ORD-0506,2025-12-27,Summit Co,Hungary,Monitor,Electronics,4,210.25,841.0
ORD-0507,2025-10-02,Nova Solutions,Ireland,Desk Lamp,Office Supplies,2,37.1,74.2
ORD-0508,2025-05-15,Alpha Group,Netherlands,Office Chair,Furniture,4,178.47,713.88
ORD-0509,2025-11-09,BlueWave,Belgium,Printer,Office Supplies,6,163.1,978.6
ORD-0510,2025-08-23,Urban Systems,Germany,Wireless Mouse,Electronics,6,24.26,145.56
ORD-0511,2025-06-10,GlobalTech,Germany,Headphones,Electronics,2,82.75,165.5
ORD-0512,2025-12-22,Nova Solutions,Belgium,Headphones,Electronics,2,74.93,149.86
ORD-0513,2025-10-22,BlueWave,Netherlands,Desk,Furniture,7,254.82,1783.74
ORD-0514,2025-12-22,Core Solutions,Austria,Keyboard,Electronics,8,46.22,369.76
ORD-0515,2025-03-13,Nova Solutions,Ireland,Keyboard,Electronics,3,44.91,134.73
ORD-0516,2025-01-05,Prime Services,Germany,Notebook,Office Supplies,1,8.58,8.58
ORD-0517,2025-09-16,Alpha Group,Netherlands,Monitor,Electronics,7,240.41,1682.87
ORD-0518,2025-08-16,Prime Services,Germany,Desk,Furniture,8,245.78,1966.24
ORD-0519,2025-04-23,GreenField Co,Hungary,Wireless Mouse,Electronics,1,26.48,26.48
ORD-0520,2025-03-28,Summit Co,Netherlands,Headphones,Electronics,4,80.6,322.4
ORD-0521,2025-02-27,Urban Systems,Hungary,Desk Lamp,Office Supplies,8,35.35,282.8
ORD-0522,2025-01-22,Summit Co,Austria,Headphones,Electronics,6,80.67,484.02
ORD-0523,2025-02-22,Vertex Inc,Austria,Notebook,Office Supplies,4,8.78,35.12
ORD-0524,2025-01-17,Prime Services,Ireland,Monitor,Electronics,5,236.49,1182.45
ORD-0525,2025-03-02,Summit Co,Germany,Office Chair,Furniture,2,177.81,355.62
ORD-0526,2025-11-09,Alpha Group,Netherlands,Monitor,Electronics,6,235.89,1415.34
ORD-0527,2025-04-16,Summit Co,Hungary,Keyboard,Electronics,3,47.56,142.68
ORD-0528,2025-11-02,NextGen Ltd,Germany,Desk Lamp,Office Supplies,6,35.23,211.38
ORD-0529,2025-05-17,Digital Works,Belgium,Office Chair,Furniture,5,172.42,862.1
ORD-0530,2025-07-30,Core Solutions,Hungary,Wireless Mouse,Electronics,3,27.31,81.93
ORD-0531,2025-03-09,BrightStar Ltd,Germany,Headphones,Electronics,3,83.22,249.66
ORD-0532,2025-12-13,BlueWave,Netherlands,Office Chair,Furniture,4,189.41,757.64
ORD-0533,2025-07-12,Prime Services,Hungary,Keyboard,Electronics,5,46.15,230.75
ORD-0534,2025-05-23,Vertex Inc,Ireland,Wireless Mouse,Electronics,7,25.08,175.56
ORD-0535,2025-01-02,Digital Works,Austria,Notebook,Office Supplies,8,7.72,61.76
ORD-0536,2025-12-24,TechWorld,Hungary,Wireless Mouse,Electronics,8,25.67,205.36
ORD-0537,2025-08-08,Digital Works,Germany,Printer,Office Supplies,7,150.97,1056.79
ORD-0538,2025-05-26,TechWorld,Belgium,Notebook,Office Supplies,5,7.72,38.6
ORD-0539,2025-09-06,Summit Co,Ireland,Desk Lamp,Office Supplies,3,35.46,106.38
ORD-0540,2025-08-24,Acme Corp,Hungary,Laptop,Electronics,1,781.93,781.93
ORD-0541,2025-08-08,BrightStar Ltd,Austria,Keyboard,Electronics,8,44.61,356.88
ORD-0542,2025-05-21,GlobalTech,Austria,Keyboard,Electronics,5,41.93,209.65
ORD-0543,2025-12-07,Core Solutions,Austria,Office Chair,Furniture,5,164.97,824.85
ORD-0544,2025-06-06,Vertex Inc,Austria,Keyboard,Electronics,1,44.07,44.07
ORD-0545,2025-12-27,GlobalTech,Hungary,Monitor,Electronics,7,226.84,1587.88
ORD-0546,2025-10-31,BrightStar Ltd,Belgium,Monitor,Electronics,8,201.43,1611.44
ORD-0547,2025-06-25,Digital Works,Hungary,Notebook,Office Supplies,1,7.21,7.21
ORD-0548,2025-04-28,BlueWave,Hungary,Desk,Furniture,3,248.89,746.67
ORD-0549,2025-06-03,Nova Solutions,Netherlands,Wireless Mouse,Electronics,2,24.07,48.14
ORD-0550,2025-10-16,Acme Corp,Belgium,Keyboard,Electronics,3,41.12,123.36
ORD-0551,2025-04-20,Alpha Group,Austria,Keyboard,Electronics,8,43.66,349.28
ORD-0552,2025-08-15,Digital Works,Germany,Keyboard,Electronics,7,46.04,322.28
ORD-0553,2025-03-05,Urban Systems,Austria,Wireless Mouse,Electronics,2,23.2,46.4
ORD-0554,2025-06-11,Summit Co,Germany,Desk,Furniture,6,273.16,1638.96
ORD-0555,2025-05-08,NextGen Ltd,Belgium,Monitor,Electronics,5,226.36,1131.8
ORD-0556,2025-12-20,Acme Corp,Austria,Desk Lamp,Office Supplies,5,36.95,184.75
ORD-0557,2025-09-18,BrightStar Ltd,Austria,Headphones,Electronics,4,80.28,321.12
ORD-0558,2025-05-03,Prime Services,Netherlands,Desk,Furniture,5,257.31,1286.55
ORD-0559,2025-11-01,GlobalTech,Belgium,Wireless Mouse,Electronics,4,25.0,100.0
ORD-0560,2025-03-09,BlueWave,Belgium,Laptop,Electronics,6,923.77,5542.62
ORD-0561,2025-03-30,Summit Co,Netherlands,Desk,Furniture,6,252.32,1513.92
ORD-0562,2025-01-08,GreenField Co,Germany,Wireless Mouse,Electronics,1,25.44,25.44
ORD-0563,2025-07-23,NextGen Ltd,Ireland,Laptop,Electronics,1,926.28,926.28
ORD-0564,2025-07-25,GlobalTech,Austria,Printer,Office Supplies,7,157.55,1102.85
ORD-0565,2025-06-08,GlobalTech,Belgium,Printer,Office Supplies,3,152.88,458.64
ORD-0566,2025-07-20,Urban Systems,Austria,Monitor,Electronics,3,221.6,664.8
ORD-0567,2025-05-03,Acme Corp,Germany,Wireless Mouse,Electronics,5,25.99,129.95
ORD-0568,2025-11-10,Urban Systems,Hungary,Wireless Mouse,Electronics,7,23.08,161.56
ORD-0569,2025-12-29,Nova Solutions,Austria,Headphones,Electronics,3,73.91,221.73
ORD-0570,2025-06-27,NextGen Ltd,Belgium,Laptop,Electronics,3,849.39,2548.17
ORD-0571,2025-05-18,Vertex Inc,Hungary,Headphones,Electronics,3,77.95,233.85
ORD-0572,2025-05-20,NextGen Ltd,Hungary,Laptop,Electronics,6,902.21,5413.26
ORD-0573,2025-09-19,TechWorld,Hungary,Headphones,Electronics,2,79.94,159.88
ORD-0574,2025-05-11,Summit Co,Hungary,Notebook,Office Supplies,3,7.79,23.37
ORD-0575,2025-09-18,Acme Corp,Hungary,Desk Lamp,Office Supplies,2,33.1,66.2
ORD-0576,2025-07-06,BlueWave,Germany,Laptop,Electronics,4,772.82,3091.28
ORD-0577,2025-12-02,BlueWave,Germany,Keyboard,Electronics,1,45.48,45.48
ORD-0578,2025-06-13,GreenField Co,Hungary,Office Chair,Furniture,4,176.99,707.96
ORD-0579,2025-12-11,Core Solutions,Hungary,Desk Lamp,Office Supplies,6,32.34,194.04
ORD-0580,2025-01-24,BlueWave,Hungary,Keyboard,Electronics,4,47.74,190.96
ORD-0581,2025-06-09,TechWorld,Hungary,Notebook,Office Supplies,5,8.44,42.2
ORD-0582,2025-04-13,GreenField Co,Belgium,Printer,Office Supplies,8,144.26,1154.08
ORD-0583,2025-10-30,Prime Services,Germany,Headphones,Electronics,4,79.42,317.68
ORD-0584,2025-07-29,Acme Corp,Germany,Printer,Office Supplies,4,148.82,595.28
ORD-0585,2025-12-22,Core Solutions,Hungary,Printer,Office Supplies,6,164.35,986.1
ORD-0586,2025-07-12,Digital Works,Austria,Office Chair,Furniture,1,189.32,189.32
ORD-0587,2025-05-02,BlueWave,Netherlands,Headphones,Electronics,2,75.28,150.56
ORD-0588,2025-02-17,Acme Corp,Germany,Laptop,Electronics,3,885.98,2657.94
ORD-0589,2025-07-10,Prime Services,Austria,Printer,Office Supplies,7,166.43,1165.01
ORD-0590,2025-11-23,Digital Works,Netherlands,Wireless Mouse,Electronics,2,25.03,50.06
ORD-0591,2025-03-08,BrightStar Ltd,Ireland,Wireless Mouse,Electronics,1,24.67,24.67
ORD-0592,2025-07-21,Vertex Inc,Austria,Headphones,Electronics,6,86.82,520.92
ORD-0593,2025-04-30,GlobalTech,Germany,Office Chair,Furniture,6,178.3,1069.8
ORD-0594,2025-03-26,Prime Services,Netherlands,Keyboard,Electronics,2,41.9,83.8
ORD-0595,2025-07-03,Summit Co,Germany,Office Chair,Furniture,7,166.35,1164.45
ORD-0596,2025-03-03,GlobalTech,Germany,Notebook,Office Supplies,5,7.94,39.7
ORD-0597,2025-06-17,Nova Solutions,Hungary,Headphones,Electronics,1,75.44,75.44
ORD-0598,2025-01-26,Alpha Group,Ireland,Monitor,Electronics,6,215.43,1292.58
ORD-0599,2025-07-27,Digital Works,Netherlands,Headphones,Electronics,3,72.5,217.5
ORD-0600,2025-02-22,Summit Co,Germany,Printer,Office Supplies,4,147.03,588.12
ORD-0601,2025-04-24,Nova Solutions,Germany,Wireless Mouse,Electronics,1,22.81,22.81
ORD-0602,2025-11-27,GlobalTech,Belgium,Desk,Furniture,6,259.31,1555.86
ORD-0603,2025-02-08,Acme Corp,Hungary,Desk Lamp,Office Supplies,5,37.92,189.6
ORD-0604,2025-02-17,Core Solutions,Ireland,Monitor,Electronics,8,233.61,1868.88
ORD-0605,2025-01-26,Nova Solutions,Belgium,Wireless Mouse,Electronics,1,27.21,27.21
ORD-0606,2025-07-15,Alpha Group,Netherlands,Desk,Furniture,7,249.81,1748.67
ORD-0607,2025-04-06,GreenField Co,Ireland,Keyboard,Electronics,6,42.43,254.58
ORD-0608,2025-11-14,Urban Systems,Germany,Notebook,Office Supplies,3,7.26,21.78
ORD-0609,2025-10-09,Prime Services,Hungary,Headphones,Electronics,8,78.59,628.72
ORD-0610,2025-08-03,BrightStar Ltd,Austria,Wireless Mouse,Electronics,5,24.42,122.1
ORD-0611,2025-10-06,Summit Co,Hungary,Printer,Office Supplies,4,164.18,656.72
ORD-0612,2025-09-06,TechWorld,Belgium,Desk,Furniture,6,248.98,1493.88
ORD-0613,2025-04-03,Acme Corp,Ireland,Printer,Office Supplies,6,156.43,938.58
ORD-0614,2025-05-24,Acme Corp,Netherlands,Desk Lamp,Office Supplies,4,31.71,126.84
ORD-0615,2025-04-30,Nova Solutions,Hungary,Printer,Office Supplies,6,168.54,1011.24
ORD-0616,2025-01-29,Summit Co,Germany,Monitor,Electronics,4,209.73,838.92
ORD-0617,2025-03-30,Nova Solutions,Germany,Desk Lamp,Office Supplies,7,33.98,237.86
ORD-0618,2025-12-24,TechWorld,Belgium,Desk Lamp,Office Supplies,6,37.14,222.84
ORD-0619,2025-10-16,Nova Solutions,Belgium,Laptop,Electronics,6,926.08,5556.48
ORD-0620,2025-03-31,Prime Services,Hungary,Monitor,Electronics,8,221.85,1774.8
ORD-0621,2025-04-23,Acme Corp,Belgium,Wireless Mouse,Electronics,1,23.66,23.66
ORD-0622,2025-11-11,BrightStar Ltd,Germany,Notebook,Office Supplies,1,7.73,7.73
ORD-0623,2025-06-15,Acme Corp,Hungary,Office Chair,Furniture,3,195.08,585.24
ORD-0624,2025-09-27,Digital Works,Ireland,Keyboard,Electronics,3,47.47,142.41
ORD-0625,2025-12-06,BlueWave,Belgium,Wireless Mouse,Electronics,6,26.02,156.12
ORD-0626,2025-03-11,Nova Solutions,Austria,Wireless Mouse,Electronics,6,24.01,144.06
ORD-0627,2025-03-31,Vertex Inc,Belgium,Desk,Furniture,8,257.46,2059.68
ORD-0628,2025-10-29,Digital Works,Germany,Desk Lamp,Office Supplies,6,33.06,198.36
ORD-0629,2025-05-31,Nova Solutions,Germany,Desk,Furniture,5,261.7,1308.5
ORD-0630,2025-10-18,Acme Corp,Germany,Laptop,Electronics,7,909.63,6367.41
ORD-0631,2025-11-10,BrightStar Ltd,Austria,Desk Lamp,Office Supplies,6,37.95,227.7
ORD-0632,2025-03-14,TechWorld,Austria,Desk Lamp,Office Supplies,2,38.06,76.12
ORD-0633,2025-06-13,Nova Solutions,Austria,Wireless Mouse,Electronics,4,24.23,96.92
ORD-0634,2025-05-16,BrightStar Ltd,Germany,Wireless Mouse,Electronics,6,24.73,148.38
ORD-0635,2025-02-25,Vertex Inc,Hungary,Wireless Mouse,Electronics,6,23.78,142.68
ORD-0636,2025-08-03,Nova Solutions,Netherlands,Laptop,Electronics,7,839.5,5876.5
ORD-0637,2025-07-12,GlobalTech,Netherlands,Notebook,Office Supplies,7,7.76,54.32
ORD-0638,2025-02-07,Summit Co,Hungary,Desk Lamp,Office Supplies,4,32.64,130.56
ORD-0639,2025-02-23,GlobalTech,Ireland,Headphones,Electronics,1,77.1,77.1
ORD-0640,2025-02-08,NextGen Ltd,Hungary,Keyboard,Electronics,7,41.95,293.65
ORD-0641,2025-08-09,Alpha Group,Germany,Office Chair,Furniture,8,187.36,1498.88
ORD-0642,2025-02-21,TechWorld,Germany,Desk Lamp,Office Supplies,7,32.6,228.2
ORD-0643,2025-10-04,GreenField Co,Austria,Monitor,Electronics,7,228.68,1600.76
ORD-0644,2025-01-26,BlueWave,Belgium,Headphones,Electronics,5,75.8,379.0
ORD-0645,2025-07-04,Acme Corp,Netherlands,Printer,Office Supplies,8,148.91,1191.28
ORD-0646,2025-11-17,Urban Systems,Netherlands,Wireless Mouse,Electronics,5,26.62,133.1
ORD-0647,2025-03-29,Alpha Group,Ireland,Monitor,Electronics,2,199.13,398.26
ORD-0648,2025-06-07,Summit Co,Netherlands,Wireless Mouse,Electronics,8,26.72,213.76
ORD-0649,2025-05-16,GlobalTech,Austria,Notebook,Office Supplies,8,8.63,69.04
ORD-0650,2025-07-15,TechWorld,Germany,Printer,Office Supplies,7,149.92,1049.44
ORD-0651,2025-08-27,GreenField Co,Germany,Notebook,Office Supplies,1,7.62,7.62
ORD-0652,2025-12-23,Alpha Group,Hungary,Headphones,Electronics,1,74.42,74.42
ORD-0653,2025-07-31,Summit Co,Belgium,Wireless Mouse,Electronics,6,26.54,159.24
ORD-0654,2025-09-25,BlueWave,Belgium,Monitor,Electronics,1,235.0,235.0
ORD-0655,2025-02-10,BlueWave,Austria,Notebook,Office Supplies,4,7.96,31.84
ORD-0656,2025-08-18,Nova Solutions,Germany,Laptop,Electronics,3,785.45,2356.35
ORD-0657,2025-08-05,GlobalTech,Austria,Monitor,Electronics,4,203.55,814.2
ORD-0658,2025-11-18,Nova Solutions,Belgium,Desk,Furniture,4,274.86,1099.44
ORD-0659,2025-02-04,GlobalTech,Netherlands,Headphones,Electronics,6,86.57,519.42
ORD-0660,2025-05-22,NextGen Ltd,Netherlands,Printer,Office Supplies,7,161.67,1131.69
ORD-0661,2025-03-18,Nova Solutions,Belgium,Laptop,Electronics,7,784.13,5488.91
ORD-0662,2025-10-16,Summit Co,Hungary,Desk Lamp,Office Supplies,2,37.97,75.94
ORD-0663,2025-05-16,BlueWave,Austria,Headphones,Electronics,6,86.05,516.3
ORD-0664,2025-05-22,BlueWave,Germany,Notebook,Office Supplies,8,7.26,58.08
ORD-0665,2025-06-19,Vertex Inc,Germany,Desk Lamp,Office Supplies,7,31.77,222.39
ORD-0666,2025-07-10,Acme Corp,Ireland,Laptop,Electronics,8,921.54,7372.32
ORD-0667,2025-09-09,Digital Works,Austria,Headphones,Electronics,5,76.49,382.45
ORD-0668,2025-08-15,Summit Co,Ireland,Wireless Mouse,Electronics,4,23.17,92.68
ORD-0669,2025-02-15,BrightStar Ltd,Netherlands,Headphones,Electronics,7,81.68,571.76
ORD-0670,2025-09-22,Digital Works,Ireland,Monitor,Electronics,7,230.6,1614.2
ORD-0671,2025-12-30,NextGen Ltd,Netherlands,Laptop,Electronics,3,776.15,2328.45
ORD-0672,2025-04-13,Digital Works,Hungary,Keyboard,Electronics,1,42.06,42.06
ORD-0673,2025-07-04,Vertex Inc,Germany,Monitor,Electronics,1,218.08,218.08
ORD-0674,2025-09-16,BlueWave,Austria,Headphones,Electronics,6,85.18,511.08
ORD-0675,2025-09-08,Urban Systems,Netherlands,Wireless Mouse,Electronics,1,23.71,23.71
ORD-0676,2025-06-29,TechWorld,Germany,Keyboard,Electronics,8,45.78,366.24
ORD-0677,2025-07-17,Acme Corp,Germany,Headphones,Electronics,2,76.56,153.12
ORD-0678,2025-11-28,BrightStar Ltd,Austria,Desk Lamp,Office Supplies,4,37.5,150.0
ORD-0679,2025-09-20,Acme Corp,Austria,Monitor,Electronics,5,226.67,1133.35
ORD-0680,2025-11-28,Nova Solutions,Belgium,Laptop,Electronics,8,919.96,7359.68
ORD-0681,2025-06-06,Vertex Inc,Austria,Laptop,Electronics,4,807.91,3231.64
ORD-0682,2025-06-28,Prime Services,Ireland,Headphones,Electronics,7,86.33,604.31
ORD-0683,2025-09-24,Digital Works,Belgium,Monitor,Electronics,8,211.29,1690.32
ORD-0684,2025-12-06,Digital Works,Ireland,Desk,Furniture,2,225.37,450.74
ORD-0685,2025-02-25,Prime Services,Hungary,Printer,Office Supplies,5,153.55,767.75
ORD-0686,2025-05-22,GreenField Co,Austria,Office Chair,Furniture,5,185.06,925.3
ORD-0687,2025-05-04,Core Solutions,Hungary,Headphones,Electronics,4,74.4,297.6
ORD-0688,2025-12-15,Nova Solutions,Austria,Desk Lamp,Office Supplies,7,36.12,252.84
ORD-0689,2025-05-13,Core Solutions,Netherlands,Laptop,Electronics,8,934.57,7476.56
ORD-0690,2025-10-26,Vertex Inc,Belgium,Desk,Furniture,7,261.84,1832.88
ORD-0691,2025-04-24,Alpha Group,Belgium,Monitor,Electronics,6,229.97,1379.82
ORD-0692,2025-03-29,Digital Works,Austria,Notebook,Office Supplies,6,8.01,48.06
ORD-0693,2025-08-30,Nova Solutions,Austria,Printer,Office Supplies,3,153.4,460.2
ORD-0694,2025-06-21,Alpha Group,Hungary,Headphones,Electronics,3,87.15,261.45
ORD-0695,2025-06-07,BlueWave,Ireland,Monitor,Electronics,6,207.83,1246.98
ORD-0696,2025-08-26,Digital Works,Hungary,Office Chair,Furniture,5,183.08,915.4
ORD-0697,2025-10-26,Urban Systems,Belgium,Notebook,Office Supplies,1,8.59,8.59
ORD-0698,2025-09-14,GlobalTech,Austria,Wireless Mouse,Electronics,8,26.95,215.6
ORD-0699,2025-03-19,Nova Solutions,Germany,Desk,Furniture,5,245.66,1228.3
ORD-0700,2025-08-23,Nova Solutions,Ireland,Office Chair,Furniture,7,197.54,1382.78
ORD-0701,2025-11-20,Nova Solutions,Ireland,Keyboard,Electronics,2,44.89,89.78
ORD-0702,2025-04-18,Summit Co,Germany,Laptop,Electronics,1,841.85,841.85
ORD-0703,2025-02-15,Nova Solutions,Belgium,Desk Lamp,Office Supplies,3,34.93,104.79
ORD-0704,2025-09-02,BlueWave,Hungary,Desk,Furniture,7,245.17,1716.19
ORD-0705,2025-01-08,Core Solutions,Ireland,Laptop,Electronics,4,889.21,3556.84
ORD-0706,2025-01-03,Alpha Group,Austria,Printer,Office Supplies,4,144.57,578.28
ORD-0707,2025-06-26,GreenField Co,Germany,Monitor,Electronics,4,228.52,914.08
ORD-0708,2025-06-06,Nova Solutions,Hungary,Wireless Mouse,Electronics,7,25.02,175.14
ORD-0709,2025-08-22,Vertex Inc,Belgium,Laptop,Electronics,5,926.24,4631.2
ORD-0710,2025-12-18,Nova Solutions,Ireland,Desk Lamp,Office Supplies,6,34.54,207.24
ORD-0711,2025-03-26,Core Solutions,Netherlands,Notebook,Office Supplies,6,8.4,50.4
ORD-0712,2025-03-09,BrightStar Ltd,Austria,Laptop,Electronics,4,803.13,3212.52
ORD-0713,2025-12-31,Alpha Group,Hungary,Laptop,Electronics,3,785.94,2357.82
ORD-0714,2025-11-16,Acme Corp,Belgium,Desk,Furniture,5,263.56,1317.8
ORD-0715,2025-01-11,Acme Corp,Austria,Laptop,Electronics,2,876.11,1752.22
ORD-0716,2025-03-05,NextGen Ltd,Ireland,Wireless Mouse,Electronics,7,24.72,173.04
ORD-0717,2025-12-18,Alpha Group,Hungary,Notebook,Office Supplies,3,7.53,22.59
ORD-0718,2025-12-06,NextGen Ltd,Ireland,Headphones,Electronics,7,82.59,578.13
ORD-0719,2025-02-23,NextGen Ltd,Austria,Desk Lamp,Office Supplies,3,34.43,103.29
ORD-0720,2025-02-24,Prime Services,Germany,Desk Lamp,Office Supplies,2,33.48,66.96
ORD-0721,2025-09-25,BrightStar Ltd,Ireland,Desk Lamp,Office Supplies,4,36.95,147.8
ORD-0722,2025-10-08,Prime Services,Germany,Desk,Furniture,5,233.02,1165.1
ORD-0723,2025-01-07,Alpha Group,Hungary,Notebook,Office Supplies,6,7.58,45.48
ORD-0724,2025-02-16,Summit Co,Belgium,Wireless Mouse,Electronics,8,23.25,186.0
ORD-0725,2025-11-26,BrightStar Ltd,Netherlands,Wireless Mouse,Electronics,2,27.02,54.04
ORD-0726,2025-02-21,Digital Works,Germany,Headphones,Electronics,5,79.43,397.15
ORD-0727,2025-12-13,TechWorld,Netherlands,Laptop,Electronics,5,826.24,4131.2
ORD-0728,2025-01-24,Acme Corp,Germany,Wireless Mouse,Electronics,2,26.76,53.52
ORD-0729,2025-08-13,Urban Systems,Ireland,Keyboard,Electronics,6,43.72,262.32
ORD-0730,2025-04-04,GlobalTech,Netherlands,Wireless Mouse,Electronics,6,26.57,159.42
ORD-0731,2025-07-17,Vertex Inc,Netherlands,Desk,Furniture,8,238.59,1908.72
ORD-0732,2025-12-23,Vertex Inc,Hungary,Desk,Furniture,3,230.65,691.95
ORD-0733,2025-10-30,Prime Services,Belgium,Keyboard,Electronics,2,44.24,88.48
ORD-0734,2025-07-03,Urban Systems,Hungary,Notebook,Office Supplies,3,8.18,24.54
ORD-0735,2025-02-27,Core Solutions,Netherlands,Keyboard,Electronics,8,48.78,390.24
ORD-0736,2025-12-02,TechWorld,Hungary,Notebook,Office Supplies,1,7.3,7.3
ORD-0737,2025-12-09,Digital Works,Ireland,Printer,Office Supplies,4,175.29,701.16
ORD-0738,2025-05-08,Prime Services,Ireland,Printer,Office Supplies,2,157.85,315.7
ORD-0739,2025-10-13,Core Solutions,Belgium,Desk,Furniture,3,266.95,800.85
ORD-0740,2025-03-22,NextGen Ltd,Netherlands,Laptop,Electronics,1,874.38,874.38
ORD-0741,2025-09-09,TechWorld,Germany,Notebook,Office Supplies,3,7.32,21.96
ORD-0742,2025-04-25,NextGen Ltd,Austria,Office Chair,Furniture,5,163.81,819.05
ORD-0743,2025-02-10,Prime Services,Netherlands,Desk,Furniture,7,265.86,1861.02
ORD-0744,2025-09-13,Prime Services,Ireland,Desk Lamp,Office Supplies,8,32.12,256.96
ORD-0745,2025-01-10,GlobalTech,Netherlands,Wireless Mouse,Electronics,8,26.23,209.84
ORD-0746,2025-01-01,Digital Works,Hungary,Desk,Furniture,1,252.86,252.86
ORD-0747,2025-10-15,BrightStar Ltd,Austria,Desk Lamp,Office Supplies,5,37.73,188.65
ORD-0748,2025-01-28,Digital Works,Germany,Notebook,Office Supplies,6,7.78,46.68
ORD-0749,2025-11-14,Urban Systems,Netherlands,Notebook,Office Supplies,6,8.1,48.6
ORD-0750,2025-12-04,BrightStar Ltd,Hungary,Office Chair,Furniture,8,166.1,1328.8
ORD-0751,2025-05-30,NextGen Ltd,Belgium,Office Chair,Furniture,6,191.88,1151.28
ORD-0752,2025-03-26,Prime Services,Germany,Office Chair,Furniture,2,163.65,327.3
ORD-0753,2025-04-11,BrightStar Ltd,Hungary,Desk,Furniture,2,237.71,475.42
ORD-0754,2025-04-08,Vertex Inc,Ireland,Desk,Furniture,4,247.85,991.4
ORD-0755,2025-11-21,Digital Works,Austria,Wireless Mouse,Electronics,7,22.73,159.11
ORD-0756,2025-08-19,Prime Services,Austria,Desk Lamp,Office Supplies,2,36.91,73.82
ORD-0757,2025-01-03,NextGen Ltd,Austria,Desk Lamp,Office Supplies,3,38.25,114.75
ORD-0758,2025-09-05,Core Solutions,Belgium,Laptop,Electronics,7,907.6,6353.2
ORD-0759,2025-03-07,GlobalTech,Netherlands,Keyboard,Electronics,3,47.07,141.21
ORD-0760,2025-07-16,BlueWave,Belgium,Desk Lamp,Office Supplies,6,35.03,210.18
ORD-0761,2025-06-25,GreenField Co,Netherlands,Monitor,Electronics,5,215.51,1077.55
ORD-0762,2025-12-25,Core Solutions,Austria,Keyboard,Electronics,3,44.21,132.63
ORD-0763,2025-10-08,Digital Works,Ireland,Printer,Office Supplies,5,170.98,854.9
ORD-0764,2025-11-16,Vertex Inc,Ireland,Printer,Office Supplies,4,150.43,601.72
ORD-0765,2025-11-29,Nova Solutions,Belgium,Office Chair,Furniture,3,197.33,591.99
ORD-0766,2025-06-30,NextGen Ltd,Netherlands,Printer,Office Supplies,6,166.73,1000.38
ORD-0767,2025-10-01,GreenField Co,Netherlands,Desk Lamp,Office Supplies,7,36.22,253.54
ORD-0768,2025-03-16,Acme Corp,Austria,Laptop,Electronics,2,769.3,1538.6
ORD-0769,2025-03-24,GreenField Co,Austria,Laptop,Electronics,4,810.39,3241.56
ORD-0770,2025-12-20,Summit Co,Ireland,Headphones,Electronics,3,85.43,256.29
ORD-0771,2025-08-20,GlobalTech,Belgium,Monitor,Electronics,1,213.78,213.78
ORD-0772,2025-10-15,BlueWave,Germany,Printer,Office Supplies,4,167.76,671.04
ORD-0773,2025-01-25,Core Solutions,Netherlands,Printer,Office Supplies,5,166.17,830.85
ORD-0774,2025-12-17,TechWorld,Belgium,Desk,Furniture,7,272.84,1909.88
ORD-0775,2025-04-14,Urban Systems,Netherlands,Laptop,Electronics,1,891.42,891.42
ORD-0776,2025-10-07,Vertex Inc,Belgium,Monitor,Electronics,6,231.22,1387.32
ORD-0777,2025-04-01,Alpha Group,Hungary,Monitor,Electronics,4,210.94,843.76
ORD-0778,2025-03-03,BlueWave,Hungary,Keyboard,Electronics,3,47.12,141.36
ORD-0779,2025-03-08,Nova Solutions,Belgium,Desk,Furniture,5,252.83,1264.15
ORD-0780,2025-12-30,Core Solutions,Germany,Headphones,Electronics,1,77.29,77.29
ORD-0781,2025-11-02,Acme Corp,Austria,Laptop,Electronics,3,922.87,2768.61
ORD-0782,2025-10-21,NextGen Ltd,Ireland,Desk Lamp,Office Supplies,5,34.93,174.65
ORD-0783,2025-04-05,NextGen Ltd,Hungary,Wireless Mouse,Electronics,6,25.13,150.78
ORD-0784,2025-10-02,BlueWave,Hungary,Printer,Office Supplies,3,157.31,471.93
ORD-0785,2025-12-06,TechWorld,Ireland,Office Chair,Furniture,4,193.8,775.2
ORD-0786,2025-11-13,NextGen Ltd,Netherlands,Office Chair,Furniture,5,169.86,849.3
ORD-0787,2025-06-27,Prime Services,Germany,Printer,Office Supplies,1,147.67,147.67
ORD-0788,2025-12-16,Core Solutions,Ireland,Desk Lamp,Office Supplies,4,38.21,152.84
ORD-0789,2025-10-04,Vertex Inc,Ireland,Desk,Furniture,2,244.29,488.58
ORD-0790,2025-09-18,Prime Services,Netherlands,Laptop,Electronics,6,852.43,5114.58
ORD-0791,2025-04-09,TechWorld,Belgium,Laptop,Electronics,5,917.71,4588.55
ORD-0792,2025-10-03,NextGen Ltd,Hungary,Wireless Mouse,Electronics,2,23.34,46.68
ORD-0793,2025-04-20,Digital Works,Austria,Wireless Mouse,Electronics,4,25.85,103.4
ORD-0794,2025-12-26,Core Solutions,Austria,Desk,Furniture,2,235.28,470.56
ORD-0795,2025-03-20,Acme Corp,Netherlands,Desk,Furniture,2,262.34,524.68
ORD-0796,2025-01-28,Nova Solutions,Ireland,Office Chair,Furniture,1,165.15,165.15
ORD-0797,2025-04-27,Core Solutions,Ireland,Printer,Office Supplies,2,162.4,324.8
ORD-0798,2025-07-27,BlueWave,Ireland,Desk,Furniture,7,247.56,1732.92
ORD-0799,2025-10-01,Acme Corp,Austria,Laptop,Electronics,7,879.46,6156.22
ORD-0800,2025-10-27,Acme Corp,Austria,Desk Lamp,Office Supplies,2,36.79,73.58
ORD-0801,2025-02-24,GreenField Co,Austria,Wireless Mouse,Electronics,6,27.14,162.84
ORD-0802,2025-08-13,BlueWave,Netherlands,Headphones,Electronics,2,76.5,153.0
ORD-0803,2025-04-23,Nova Solutions,Austria,Laptop,Electronics,8,791.57,6332.56
ORD-0804,2025-03-15,GreenField Co,Austria,Desk,Furniture,5,273.01,1365.05
ORD-0805,2025-10-12,Nova Solutions,Hungary,Office Chair,Furniture,1,181.93,181.93
ORD-0806,2025-07-21,NextGen Ltd,Belgium,Laptop,Electronics,1,862.36,862.36
ORD-0807,2025-06-26,BrightStar Ltd,Netherlands,Wireless Mouse,Electronics,5,23.55,117.75
ORD-0808,2025-04-24,Urban Systems,Ireland,Printer,Office Supplies,3,149.15,447.45
ORD-0809,2025-10-18,Digital Works,Hungary,Monitor,Electronics,2,205.98,411.96
ORD-0810,2025-02-07,GreenField Co,Austria,Printer,Office Supplies,8,164.63,1317.04
ORD-0811,2025-10-25,Prime Services,Ireland,Wireless Mouse,Electronics,5,22.99,114.95
ORD-0812,2025-05-01,GlobalTech,Ireland,Office Chair,Furniture,3,186.17,558.51
ORD-0813,2025-06-12,Prime Services,Netherlands,Desk Lamp,Office Supplies,2,37.8,75.6
ORD-0814,2025-03-20,Urban Systems,Belgium,Office Chair,Furniture,5,186.96,934.8
ORD-0815,2025-03-28,Acme Corp,Ireland,Office Chair,Furniture,6,196.51,1179.06
ORD-0816,2025-11-25,BlueWave,Ireland,Monitor,Electronics,4,229.34,917.36
ORD-0817,2025-06-19,Core Solutions,Netherlands,Office Chair,Furniture,3,186.46,559.38
ORD-0818,2025-06-06,Prime Services,Belgium,Notebook,Office Supplies,8,7.77,62.16
ORD-0819,2025-02-11,Digital Works,Ireland,Wireless Mouse,Electronics,3,25.73,77.19
ORD-0820,2025-11-17,GlobalTech,Austria,Keyboard,Electronics,4,42.87,171.48
ORD-0821,2025-11-20,Acme Corp,Belgium,Wireless Mouse,Electronics,1,26.75,26.75
ORD-0822,2025-04-19,Core Solutions,Hungary,Desk Lamp,Office Supplies,7,36.88,258.16
ORD-0823,2025-10-04,Prime Services,Austria,Printer,Office Supplies,5,161.39,806.95
ORD-0824,2025-10-29,Vertex Inc,Ireland,Keyboard,Electronics,6,44.03,264.18
ORD-0825,2025-02-16,BlueWave,Ireland,Keyboard,Electronics,8,45.01,360.08
ORD-0826,2025-11-11,Alpha Group,Germany,Printer,Office Supplies,1,165.21,165.21
ORD-0827,2025-04-02,Urban Systems,Belgium,Printer,Office Supplies,3,158.28,474.84
ORD-0828,2025-01-21,BrightStar Ltd,Netherlands,Keyboard,Electronics,8,48.95,391.6
ORD-0829,2025-04-30,Acme Corp,Austria,Monitor,Electronics,2,209.63,419.26
ORD-0830,2025-08-21,Core Solutions,Hungary,Monitor,Electronics,6,215.08,1290.48
ORD-0831,2025-09-24,Alpha Group,Ireland,Laptop,Electronics,6,782.55,4695.3
ORD-0832,2025-07-13,TechWorld,Belgium,Headphones,Electronics,3,78.03,234.09
ORD-0833,2025-04-25,NextGen Ltd,Netherlands,Wireless Mouse,Electronics,5,24.38,121.9
ORD-0834,2025-09-04,Core Solutions,Belgium,Office Chair,Furniture,6,179.53,1077.18
ORD-0835,2025-04-28,GlobalTech,Belgium,Laptop,Electronics,3,839.78,2519.34
ORD-0836,2025-03-22,TechWorld,Belgium,Headphones,Electronics,4,74.4,297.6
ORD-0837,2025-06-19,Vertex Inc,Hungary,Wireless Mouse,Electronics,4,24.57,98.28
ORD-0838,2025-10-30,Nova Solutions,Austria,Notebook,Office Supplies,8,7.97,63.76
ORD-0839,2025-03-07,Urban Systems,Belgium,Desk,Furniture,1,237.18,237.18
ORD-0840,2025-01-21,Core Solutions,Belgium,Keyboard,Electronics,3,46.17,138.51
ORD-0841,2025-04-03,NextGen Ltd,Netherlands,Keyboard,Electronics,1,42.0,42.0
ORD-0842,2025-12-05,Digital Works,Ireland,Desk Lamp,Office Supplies,1,37.65,37.65
ORD-0843,2025-08-30,Digital Works,Netherlands,Wireless Mouse,Electronics,4,24.75,99.0
ORD-0844,2025-11-04,Nova Solutions,Belgium,Keyboard,Electronics,4,47.97,191.88
ORD-0845,2025-12-18,TechWorld,Netherlands,Keyboard,Electronics,5,42.01,210.05
ORD-0846,2025-07-17,Nova Solutions,Hungary,Desk Lamp,Office Supplies,2,33.11,66.22
ORD-0847,2025-09-16,Alpha Group,Netherlands,Laptop,Electronics,4,853.86,3415.44
ORD-0848,2025-11-11,Urban Systems,Hungary,Keyboard,Electronics,2,42.1,84.2
ORD-0849,2025-12-04,Nova Solutions,Belgium,Printer,Office Supplies,2,146.98,293.96
ORD-0850,2025-12-14,Alpha Group,Netherlands,Printer,Office Supplies,1,172.7,172.7
ORD-0851,2025-01-23,Vertex Inc,Belgium,Printer,Office Supplies,7,155.85,1090.95
ORD-0852,2025-09-04,Summit Co,Netherlands,Desk,Furniture,4,271.92,1087.68
ORD-0853,2025-05-11,Prime Services,Germany,Office Chair,Furniture,2,177.32,354.64
ORD-0854,2025-10-06,BlueWave,Ireland,Wireless Mouse,Electronics,5,25.49,127.45
ORD-0855,2025-01-04,Urban Systems,Belgium,Monitor,Electronics,1,229.2,229.2
ORD-0856,2025-04-16,Vertex Inc,Ireland,Wireless Mouse,Electronics,1,24.38,24.38
ORD-0857,2025-08-07,Alpha Group,Belgium,Desk,Furniture,6,230.33,1381.98
ORD-0858,2025-08-05,Urban Systems,Ireland,Headphones,Electronics,5,85.68,428.4
ORD-0859,2025-07-23,Summit Co,Germany,Desk Lamp,Office Supplies,5,38.44,192.2
ORD-0860,2025-10-14,NextGen Ltd,Netherlands,Desk,Furniture,8,233.94,1871.52
ORD-0861,2025-12-28,BlueWave,Austria,Headphones,Electronics,5,81.24,406.2
ORD-0862,2025-08-17,Summit Co,Austria,Keyboard,Electronics,2,47.23,94.46
ORD-0863,2025-07-25,Summit Co,Ireland,Keyboard,Electronics,2,42.43,84.86
ORD-0864,2025-11-22,Acme Corp,Hungary,Printer,Office Supplies,1,149.14,149.14
ORD-0865,2025-08-11,GlobalTech,Hungary,Keyboard,Electronics,8,48.83,390.64
ORD-0866,2025-11-08,Acme Corp,Austria,Headphones,Electronics,4,77.93,311.72
ORD-0867,2025-09-24,GreenField Co,Austria,Desk,Furniture,7,255.7,1789.9
ORD-0868,2025-03-31,Alpha Group,Netherlands,Desk Lamp,Office Supplies,1,38.12,38.12
ORD-0869,2025-12-03,Core Solutions,Belgium,Notebook,Office Supplies,1,7.52,7.52
ORD-0870,2025-11-03,NextGen Ltd,Belgium,Headphones,Electronics,4,72.54,290.16
ORD-0871,2025-07-04,BrightStar Ltd,Austria,Monitor,Electronics,3,227.66,682.98
ORD-0872,2025-05-22,Summit Co,Netherlands,Laptop,Electronics,3,779.76,2339.28
ORD-0873,2025-04-13,NextGen Ltd,Hungary,Office Chair,Furniture,7,176.6,1236.2
ORD-0874,2025-10-14,Core Solutions,Belgium,Wireless Mouse,Electronics,2,25.25,50.5
ORD-0875,2025-05-22,BrightStar Ltd,Belgium,Office Chair,Furniture,6,196.68,1180.08
ORD-0876,2025-10-22,Acme Corp,Ireland,Monitor,Electronics,8,238.91,1911.28
ORD-0877,2025-10-14,GlobalTech,Belgium,Keyboard,Electronics,7,45.06,315.42
ORD-0878,2025-09-20,GreenField Co,Belgium,Headphones,Electronics,6,87.15,522.9
ORD-0879,2025-07-13,Urban Systems,Netherlands,Desk Lamp,Office Supplies,5,36.36,181.8
ORD-0880,2025-08-23,Alpha Group,Netherlands,Monitor,Electronics,6,240.29,1441.74
ORD-0881,2025-05-13,GlobalTech,Netherlands,Desk Lamp,Office Supplies,1,34.87,34.87
ORD-0882,2025-07-31,TechWorld,Belgium,Monitor,Electronics,4,233.21,932.84
ORD-0883,2025-05-15,BrightStar Ltd,Ireland,Printer,Office Supplies,1,166.43,166.43
ORD-0884,2025-06-25,GlobalTech,Belgium,Wireless Mouse,Electronics,7,25.87,181.09
ORD-0885,2025-04-22,Core Solutions,Belgium,Keyboard,Electronics,8,43.32,346.56
ORD-0886,2025-12-16,Core Solutions,Germany,Headphones,Electronics,3,87.15,261.45
ORD-0887,2025-05-04,Digital Works,Ireland,Notebook,Office Supplies,4,7.58,30.32
ORD-0888,2025-05-08,Digital Works,Belgium,Monitor,Electronics,4,206.92,827.68
ORD-0889,2025-03-03,Core Solutions,Hungary,Office Chair,Furniture,3,190.04,570.12
ORD-0890,2025-10-05,Acme Corp,Netherlands,Notebook,Office Supplies,1,8.42,8.42
ORD-0891,2025-10-22,Digital Works,Ireland,Office Chair,Furniture,6,179.72,1078.32
ORD-0892,2025-09-19,GreenField Co,Netherlands,Notebook,Office Supplies,3,8.78,26.34
ORD-0893,2025-08-05,Prime Services,Belgium,Monitor,Electronics,3,200.38,601.14
ORD-0894,2025-12-18,Summit Co,Germany,Laptop,Electronics,6,831.93,4991.58
ORD-0895,2025-08-24,TechWorld,Austria,Notebook,Office Supplies,2,8.32,16.64
ORD-0896,2025-07-14,Urban Systems,Hungary,Laptop,Electronics,1,879.6,879.6
ORD-0897,2025-05-13,Nova Solutions,Belgium,Office Chair,Furniture,6,184.06,1104.36
ORD-0898,2025-11-10,TechWorld,Ireland,Headphones,Electronics,4,76.31,305.24
ORD-0899,2025-08-03,Vertex Inc,Ireland,Keyboard,Electronics,8,44.32,354.56
ORD-0900,2025-04-03,Urban Systems,Germany,Office Chair,Furniture,7,172.07,1204.49
ORD-0901,2025-05-19,Summit Co,Germany,Desk Lamp,Office Supplies,4,37.2,148.8
ORD-0902,2025-04-11,Nova Solutions,Austria,Printer,Office Supplies,7,171.4,1199.8
ORD-0903,2025-04-01,BlueWave,Netherlands,Keyboard,Electronics,8,47.75,382.0
ORD-0904,2025-06-03,GreenField Co,Belgium,Keyboard,Electronics,6,47.57,285.42
ORD-0905,2025-12-20,Nova Solutions,Hungary,Desk Lamp,Office Supplies,1,34.29,34.29
ORD-0906,2025-11-19,GlobalTech,Netherlands,Monitor,Electronics,5,218.97,1094.85
ORD-0907,2025-10-14,NextGen Ltd,Ireland,Office Chair,Furniture,5,174.99,874.95
ORD-0908,2025-06-29,Digital Works,Austria,Office Chair,Furniture,1,176.82,176.82
ORD-0909,2025-11-29,Alpha Group,Belgium,Desk Lamp,Office Supplies,4,35.54,142.16
ORD-0910,2025-12-11,NextGen Ltd,Netherlands,Keyboard,Electronics,5,43.7,218.5
ORD-0911,2025-05-27,Prime Services,Austria,Notebook,Office Supplies,2,7.81,15.62
ORD-0912,2025-06-22,BlueWave,Austria,Keyboard,Electronics,3,46.27,138.81
ORD-0913,2025-02-06,GlobalTech,Germany,Desk Lamp,Office Supplies,7,37.44,262.08
ORD-0914,2025-12-01,GreenField Co,Austria,Office Chair,Furniture,4,173.29,693.16
ORD-0915,2025-08-16,Summit Co,Ireland,Headphones,Electronics,7,76.34,534.38
ORD-0916,2025-04-05,Digital Works,Hungary,Desk Lamp,Office Supplies,8,34.4,275.2
ORD-0917,2025-12-25,Vertex Inc,Hungary,Keyboard,Electronics,4,46.46,185.84
ORD-0918,2025-02-18,GlobalTech,Netherlands,Monitor,Electronics,3,215.47,646.41
ORD-0919,2025-07-23,NextGen Ltd,Hungary,Printer,Office Supplies,1,144.84,144.84
ORD-0920,2025-02-13,Alpha Group,Netherlands,Wireless Mouse,Electronics,5,25.59,127.95
ORD-0921,2025-05-26,Prime Services,Austria,Headphones,Electronics,4,75.96,303.84
ORD-0922,2025-03-29,Acme Corp,Hungary,Keyboard,Electronics,3,45.24,135.72
ORD-0923,2025-08-28,Digital Works,Belgium,Office Chair,Furniture,6,193.11,1158.66
ORD-0924,2025-12-24,NextGen Ltd,Germany,Headphones,Electronics,8,74.16,593.28
ORD-0925,2025-11-22,Core Solutions,Belgium,Desk Lamp,Office Supplies,8,35.92,287.36
ORD-0926,2025-09-04,NextGen Ltd,Germany,Desk,Furniture,5,270.45,1352.25
ORD-0927,2025-07-31,GreenField Co,Germany,Wireless Mouse,Electronics,8,24.04,192.32
ORD-0928,2025-03-11,TechWorld,Ireland,Headphones,Electronics,1,72.0,72.0
ORD-0929,2025-09-09,Summit Co,Netherlands,Notebook,Office Supplies,1,8.3,8.3
ORD-0930,2025-05-30,Urban Systems,Germany,Headphones,Electronics,1,84.25,84.25
ORD-0931,2025-10-15,BlueWave,Netherlands,Laptop,Electronics,6,797.06,4782.36
ORD-0932,2025-11-27,BlueWave,Netherlands,Monitor,Electronics,3,229.46,688.38
ORD-0933,2025-11-17,BrightStar Ltd,Belgium,Monitor,Electronics,5,201.49,1007.45
ORD-0934,2025-09-30,Summit Co,Ireland,Desk Lamp,Office Supplies,5,33.49,167.45
ORD-0935,2025-04-04,Nova Solutions,Ireland,Desk,Furniture,4,267.67,1070.68
ORD-0936,2025-05-20,Vertex Inc,Belgium,Wireless Mouse,Electronics,8,25.59,204.72
ORD-0937,2025-03-19,Acme Corp,Belgium,Notebook,Office Supplies,4,7.71,30.84
ORD-0938,2025-05-25,GreenField Co,Germany,Laptop,Electronics,3,930.3,2790.9
ORD-0939,2025-03-19,Acme Corp,Netherlands,Notebook,Office Supplies,1,7.57,7.57
ORD-0940,2025-09-13,TechWorld,Netherlands,Monitor,Electronics,6,216.49,1298.94
ORD-0941,2025-03-16,Acme Corp,Ireland,Laptop,Electronics,6,778.64,4671.84
ORD-0942,2025-04-03,BrightStar Ltd,Ireland,Desk,Furniture,2,252.16,504.32
ORD-0943,2025-05-08,BlueWave,Netherlands,Desk,Furniture,1,231.1,231.1
ORD-0944,2025-02-18,NextGen Ltd,Austria,Monitor,Electronics,1,206.76,206.76
ORD-0945,2025-06-09,Core Solutions,Ireland,Monitor,Electronics,8,215.12,1720.96
ORD-0946,2025-10-09,NextGen Ltd,Hungary,Keyboard,Electronics,1,47.2,47.2
ORD-0947,2025-04-12,TechWorld,Hungary,Headphones,Electronics,8,82.22,657.76
ORD-0948,2025-08-11,TechWorld,Hungary,Monitor,Electronics,2,208.38,416.76
ORD-0949,2025-07-22,Summit Co,Germany,Keyboard,Electronics,5,45.76,228.8
ORD-0950,2025-12-20,Prime Services,Austria,Laptop,Electronics,1,863.78,863.78
ORD-0951,2025-02-15,BrightStar Ltd,Germany,Desk Lamp,Office Supplies,3,34.1,102.3
ORD-0952,2025-06-23,Core Solutions,Austria,Notebook,Office Supplies,2,8.3,16.6
ORD-0953,2025-03-20,Vertex Inc,Belgium,Laptop,Electronics,1,825.44,825.44
ORD-0954,2025-06-12,NextGen Ltd,Austria,Wireless Mouse,Electronics,3,24.94,74.82
ORD-0955,2025-01-11,Vertex Inc,Netherlands,Office Chair,Furniture,8,188.39,1507.12
ORD-0956,2025-01-21,Prime Services,Austria,Office Chair,Furniture,3,171.03,513.09
ORD-0957,2025-09-08,BrightStar Ltd,Belgium,Notebook,Office Supplies,5,8.07,40.35
ORD-0958,2025-08-28,GreenField Co,Belgium,Keyboard,Electronics,6,43.41,260.46
ORD-0959,2025-03-21,Prime Services,Ireland,Printer,Office Supplies,3,146.2,438.6
ORD-0960,2025-11-23,NextGen Ltd,Netherlands,Headphones,Electronics,6,79.27,475.62
ORD-0961,2025-07-06,Summit Co,Belgium,Keyboard,Electronics,1,46.08,46.08
ORD-0962,2025-12-04,NextGen Ltd,Netherlands,Monitor,Electronics,6,229.72,1378.32
ORD-0963,2025-03-20,Urban Systems,Ireland,Monitor,Electronics,8,231.69,1853.52
ORD-0964,2025-02-26,GlobalTech,Belgium,Office Chair,Furniture,7,185.07,1295.49
ORD-0965,2025-03-08,Nova Solutions,Hungary,Wireless Mouse,Electronics,1,26.68,26.68
ORD-0966,2025-02-20,Acme Corp,Belgium,Monitor,Electronics,2,219.36,438.72
ORD-0967,2025-12-26,Urban Systems,Ireland,Desk,Furniture,8,251.29,2010.32
ORD-0968,2025-02-06,Acme Corp,Germany,Laptop,Electronics,6,802.52,4815.12
ORD-0969,2025-11-24,Acme Corp,Ireland,Notebook,Office Supplies,2,7.95,15.9
ORD-0970,2025-12-29,Acme Corp,Belgium,Printer,Office Supplies,7,170.3,1192.1
ORD-0971,2025-06-05,GlobalTech,Germany,Headphones,Electronics,1,83.75,83.75
ORD-0972,2025-04-29,NextGen Ltd,Netherlands,Printer,Office Supplies,2,147.24,294.48
ORD-0973,2025-05-08,Urban Systems,Austria,Monitor,Electronics,4,221.15,884.6
ORD-0974,2025-11-23,Urban Systems,Ireland,Keyboard,Electronics,7,47.21,330.47
ORD-0975,2025-03-27,Summit Co,Germany,Notebook,Office Supplies,7,8.61,60.27
ORD-0976,2025-12-03,Nova Solutions,Belgium,Printer,Office Supplies,7,160.15,1121.05
ORD-0977,2025-06-11,NextGen Ltd,Ireland,Desk Lamp,Office Supplies,8,38.03,304.24
ORD-0978,2025-08-09,Digital Works,Austria,Office Chair,Furniture,7,189.51,1326.57
ORD-0979,2025-04-20,BlueWave,Belgium,Office Chair,Furniture,4,182.27,729.08
ORD-0980,2025-08-18,BlueWave,Hungary,Headphones,Electronics,6,87.39,524.34
ORD-0981,2025-09-23,Nova Solutions,Ireland,Laptop,Electronics,5,866.28,4331.4
ORD-0982,2025-04-20,Digital Works,Ireland,Laptop,Electronics,5,932.35,4661.75
ORD-0983,2025-09-19,NextGen Ltd,Belgium,Laptop,Electronics,5,921.25,4606.25
ORD-0984,2025-08-24,TechWorld,Germany,Desk Lamp,Office Supplies,3,32.16,96.48
ORD-0985,2025-10-26,BrightStar Ltd,Germany,Keyboard,Electronics,5,43.8,219.0
ORD-0986,2025-07-24,Urban Systems,Germany,Headphones,Electronics,5,73.47,367.35
ORD-0987,2025-03-30,Prime Services,Austria,Wireless Mouse,Electronics,6,26.46,158.76
ORD-0988,2025-06-03,Acme Corp,Austria,Desk Lamp,Office Supplies,2,35.67,71.34
ORD-0989,2025-01-29,Core Solutions,Ireland,Desk Lamp,Office Supplies,7,32.05,224.35
ORD-0990,2025-03-03,Digital Works,Germany,Office Chair,Furniture,7,176.99,1238.93
ORD-0991,2025-11-20,BlueWave,Hungary,Desk Lamp,Office Supplies,1,35.94,35.94
ORD-0992,2025-10-17,Nova Solutions,Ireland,Headphones,Electronics,1,77.11,77.11
ORD-0993,2025-12-11,Vertex Inc,Netherlands,Printer,Office Supplies,4,148.9,595.6
ORD-0994,2025-05-29,Summit Co,Netherlands,Notebook,Office Supplies,2,7.56,15.12
ORD-0995,2025-09-01,Urban Systems,Austria,Keyboard,Electronics,3,43.53,130.59
ORD-0996,2025-07-24,NextGen Ltd,Netherlands,Laptop,Electronics,7,809.63,5667.41
ORD-0997,2025-04-12,Prime Services,Netherlands,Keyboard,Electronics,3,44.83,134.49
ORD-0998,2025-09-26,BrightStar Ltd,Germany,Desk Lamp,Office Supplies,4,35.43,141.72
ORD-0999,2025-06-15,Alpha Group,Belgium,Wireless Mouse,Electronics,5,26.38,131.9
ORD-1000,2025-08-05,TechWorld,Ireland,Wireless Mouse,Electronics,2,25.86,51.72
